company,itemName,type,Size,length,waistWidth,gender,price,image,siteUrl
Standard error,87-STAN045 빈티지 퍼티그 워싱 와이드 데님팬츠 빈티지 핑크,하의,S,37.5,32,공용,33900,https://image.msscdn.net/images/goods_img/20240227/3902772/3902772_17159382005659_big.jpg,https://www.musinsa.com/app/goods/3902772
Standard error,87-STAN045 빈티지 퍼티그 워싱 와이드 데님팬츠 빈티지 핑크,하의,M,104.5,39,공용,33900,https://image.msscdn.net/images/goods_img/20240227/3902772/3902772_17159382005659_big.jpg,https://www.musinsa.com/app/goods/3902772
Standard error,87-STAN045 빈티지 퍼티그 워싱 와이드 데님팬츠 빈티지 핑크,하의,L,108,41,공용,33900,https://image.msscdn.net/images/goods_img/20240227/3902772/3902772_17159382005659_big.jpg,https://www.musinsa.com/app/goods/3902772
UNTAPPED STUDIO,YKK 베이직 와이드 청바지 데님 팬츠,하의,M,101,40,남성,33750,https://image.msscdn.net/images/goods_img/20240207/3856803/3856803_17153227097657_500.jpg,https://www.musinsa.com/app/goods/3856803
UNTAPPED STUDIO,YKK 베이직 와이드 청바지 데님 팬츠,하의,L,102.5,42,남성,33750,https://image.msscdn.net/images/goods_img/20240207/3856803/3856803_17153227097657_500.jpg,https://www.musinsa.com/app/goods/3856803
UNTAPPED STUDIO,YKK 베이직 와이드 청바지 데님 팬츠,하의,XL,104,44,남성,33750,https://image.msscdn.net/images/goods_img/20240207/3856803/3856803_17153227097657_500.jpg,https://www.musinsa.com/app/goods/3856803
UNTAPPED STUDIO,YKK 베이직 와이드 청바지 데님 팬츠,하의,2XL,105.5,46,남성,33750,https://image.msscdn.net/images/goods_img/20240207/3856803/3856803_17153227097657_500.jpg,https://www.musinsa.com/app/goods/3856803
UNTAPPED STUDIO,YKK 베이직 와이드 청바지 데님 팬츠,하의,3XL,107,48,남성,33750,https://image.msscdn.net/images/goods_img/20240207/3856803/3856803_17153227097657_500.jpg,https://www.musinsa.com/app/goods/3856803
SIGNATURE,썸머 하프밴딩 린넨 데님 팬츠,하의,M,104,38,공용,39900,https://image.msscdn.net/images/goods_img/20240502/4103468/4103468_17153362649778_500.jpg,https://www.musinsa.com/app/goods/4103468
SIGNATURE,썸머 하프밴딩 린넨 데님 팬츠,하의,L,105,40,공용,39900,https://image.msscdn.net/images/goods_img/20240502/4103468/4103468_17153362649778_500.jpg,https://www.musinsa.com/app/goods/4103468
SIGNATURE,썸머 하프밴딩 린넨 데님 팬츠,하의,XL,106,42,공용,39900,https://image.msscdn.net/images/goods_img/20240502/4103468/4103468_17153362649778_500.jpg,https://www.musinsa.com/app/goods/4103468
TOFFEE,토피 와이드 데님 팬츠 (DEEP GREY),하의,XS,103,35,남성,39000,https://image.msscdn.net/images/goods_img/20181025/890338/890338_8_500.jpg,https://www.musinsa.com/app/goods/890338
TOFFEE,토피 와이드 데님 팬츠 (DEEP GREY),하의,S,104,37,남성,39000,https://image.msscdn.net/images/goods_img/20181025/890338/890338_8_500.jpg,https://www.musinsa.com/app/goods/890338
TOFFEE,토피 와이드 데님 팬츠 (DEEP GREY),하의,M,105,39,남성,39000,https://image.msscdn.net/images/goods_img/20181025/890338/890338_8_500.jpg,https://www.musinsa.com/app/goods/890338
TOFFEE,토피 와이드 데님 팬츠 (DEEP GREY),하의,L,106,41,남성,39000,https://image.msscdn.net/images/goods_img/20181025/890338/890338_8_500.jpg,https://www.musinsa.com/app/goods/890338
TOFFEE,토피 와이드 데님 팬츠 (DEEP GREY),하의,XL,107,43,남성,39000,https://image.msscdn.net/images/goods_img/20181025/890338/890338_8_500.jpg,https://www.musinsa.com/app/goods/890338
FILLUMINATE,원 턱 린넨 밴딩 팬츠,하의,M,99,41,공용,39900,https://image.msscdn.net/images/goods_img/20230424/3256281/3256281_17156640149200_500.jpg,https://www.musinsa.com/app/goods/3256281
FILLUMINATE,원 턱 린넨 밴딩 팬츠,하의,L,101,43,공용,39900,https://image.msscdn.net/images/goods_img/20230424/3256281/3256281_17156640149200_500.jpg,https://www.musinsa.com/app/goods/3256281
FILLUMINATE,원 턱 린넨 밴딩 팬츠,하의,XL,103,45,공용,39900,https://image.msscdn.net/images/goods_img/20230424/3256281/3256281_17156640149200_500.jpg,https://www.musinsa.com/app/goods/3256281
PANDORAFIT,[WIDE] Nimare Jeans,하의,S,100.5,31.5,여성,53000,https://image.msscdn.net/images/goods_img/20220914/2788633/2788633_1_500.jpg,https://www.musinsa.com/app/goods/2788633
PANDORAFIT,[WIDE] Nimare Jeans,하의,M,101.5,33.5,여성,53000,https://image.msscdn.net/images/goods_img/20220914/2788633/2788633_1_500.jpg,https://www.musinsa.com/app/goods/2788633
PANDORAFIT,[WIDE] Nimare Jeans,하의,L,102.5,35.5,여성,53000,https://image.msscdn.net/images/goods_img/20220914/2788633/2788633_1_500.jpg,https://www.musinsa.com/app/goods/2788633
TRILLION,워시드 바이커 와이드 데님 팬츠,하의,S,104,36,공용,39800,https://image.msscdn.net/images/goods_img/20231023/3650941/3650941_16995031786205_500.jpg,https://www.musinsa.com/app/goods/3650941
TRILLION,워시드 바이커 와이드 데님 팬츠,하의,M,106,38,공용,39800,https://image.msscdn.net/images/goods_img/20231023/3650941/3650941_16995031786205_500.jpg,https://www.musinsa.com/app/goods/3650941
TRILLION,워시드 바이커 와이드 데님 팬츠,하의,L,108,41,공용,39800,https://image.msscdn.net/images/goods_img/20231023/3650941/3650941_16995031786205_500.jpg,https://www.musinsa.com/app/goods/3650941
TRILLION,워시드 바이커 와이드 데님 팬츠,하의,XL,110,43,공용,39800,https://image.msscdn.net/images/goods_img/20231023/3650941/3650941_16995031786205_500.jpg,https://www.musinsa.com/app/goods/3650941
1993STUDIO,1993 빈티지 와이드 벌룬 데님팬츠,하의,M,107,38,공용,57600,https://image.msscdn.net/images/goods_img/20230710/3400300/3400300_16964807034853_500.jpg,https://www.musinsa.com/app/goods/3400300
1993STUDIO,1993 빈티지 와이드 벌룬 데님팬츠,하의,L,110,40,공용,57600,https://image.msscdn.net/images/goods_img/20230710/3400300/3400300_16964807034853_500.jpg,https://www.musinsa.com/app/goods/3400300
SUARE,수아레 5포켓 코튼 팬츠,하의,M,103,40.5,공용,49900,https://image.msscdn.net/images/goods_img/20240223/3894414/3894414_17097757390218_500.jpg,https://www.musinsa.com/app/goods/3894414
SUARE,수아레 5포켓 코튼 팬츠,하의,L,104,43,공용,49900,https://image.msscdn.net/images/goods_img/20240223/3894414/3894414_17097757390218_500.jpg,https://www.musinsa.com/app/goods/3894414
SUARE,수아레 5포켓 코튼 팬츠,하의,XL,105,45.5,공용,49900,https://image.msscdn.net/images/goods_img/20240223/3894414/3894414_17097757390218_500.jpg,https://www.musinsa.com/app/goods/3894414
AGAINST ALL ODDS,어게인스트올오즈 와이드 데님팬츠,하의,XS,102,35,공용,34800,https://image.msscdn.net/images/goods_img/20230816/3467143/3467143_17104881955433_500.jpg,https://www.musinsa.com/app/goods/3467143
AGAINST ALL ODDS,어게인스트올오즈 와이드 데님팬츠,하의,S,104,37.5,공용,34800,https://image.msscdn.net/images/goods_img/20230816/3467143/3467143_17104881955433_500.jpg,https://www.musinsa.com/app/goods/3467143
AGAINST ALL ODDS,어게인스트올오즈 와이드 데님팬츠,하의,M,105,40,공용,34800,https://image.msscdn.net/images/goods_img/20230816/3467143/3467143_17104881955433_500.jpg,https://www.musinsa.com/app/goods/3467143
AGAINST ALL ODDS,어게인스트올오즈 와이드 데님팬츠,하의,L,106,42.5,공용,34800,https://image.msscdn.net/images/goods_img/20230816/3467143/3467143_17104881955433_500.jpg,https://www.musinsa.com/app/goods/3467143
AGAINST ALL ODDS,어게인스트올오즈 와이드 데님팬츠,하의,XL,108,45,공용,34800,https://image.msscdn.net/images/goods_img/20230816/3467143/3467143_17104881955433_500.jpg,https://www.musinsa.com/app/goods/3467143
OUR DAYZ,쿨 린넨 라이크 세미 와이드데님,하의,M,104,39,공용,49600,https://image.msscdn.net/images/goods_img/20230425/3260100/3260100_17164378586603_500.jpg,https://www.musinsa.com/app/goods/3260100
OUR DAYZ,쿨 린넨 라이크 세미 와이드데님,하의,L,105,41,공용,49600,https://image.msscdn.net/images/goods_img/20230425/3260100/3260100_17164378586603_500.jpg,https://www.musinsa.com/app/goods/3260100
OUR DAYZ,쿨 린넨 라이크 세미 와이드데님,하의,XL,106,43,공용,49600,https://image.msscdn.net/images/goods_img/20230425/3260100/3260100_17164378586603_500.jpg,https://www.musinsa.com/app/goods/3260100
EZKATON,스크레치 데님팬츠,하의,M,106,39,남성,48900,https://image.msscdn.net/images/goods_img/20230323/3171863/3171863_16795309547872_500.jpg,https://www.musinsa.com/app/goods/3171863
EZKATON,스크레치 데님팬츠,하의,L,107,41.5,남성,48900,https://image.msscdn.net/images/goods_img/20230323/3171863/3171863_16795309547872_500.jpg,https://www.musinsa.com/app/goods/3171863
EZKATON,스크레치 데님팬츠,하의,XL,108,44,남성,48900,https://image.msscdn.net/images/goods_img/20230323/3171863/3171863_16795309547872_500.jpg,https://www.musinsa.com/app/goods/3171863
EZKATON,스크레치 데님팬츠,하의,2XL,109,46.5,남성,48900,https://image.msscdn.net/images/goods_img/20230323/3171863/3171863_16795309547872_500.jpg,https://www.musinsa.com/app/goods/3171863
URBANSTOFF,듀러블 롱 벌룬 팬츠,하의,S,101,31,공용,66600,https://image.msscdn.net/images/goods_img/20220829/2749153/2749153_3_500.jpg,https://www.musinsa.com/app/goods/2749153
URBANSTOFF,듀러블 롱 벌룬 팬츠,하의,M,103,33,공용,66600,https://image.msscdn.net/images/goods_img/20220829/2749153/2749153_3_500.jpg,https://www.musinsa.com/app/goods/2749153
URBANSTOFF,듀러블 롱 벌룬 팬츠,하의,L,105,35,공용,66600,https://image.msscdn.net/images/goods_img/20220829/2749153/2749153_3_500.jpg,https://www.musinsa.com/app/goods/2749153
CHAMBROS,투턱트렌디 와이드 데님팬츠,하의,M,107,38,공용,28000,https://image.msscdn.net/images/goods_img/20240116/3796934/3796934_17053735852119_500.jpg,https://www.musinsa.com/app/goods/3796934
CHAMBROS,투턱트렌디 와이드 데님팬츠,하의,L,109,39.5,공용,28000,https://image.msscdn.net/images/goods_img/20240116/3796934/3796934_17053735852119_500.jpg,https://www.musinsa.com/app/goods/3796934
CHAMBROS,투턱트렌디 와이드 데님팬츠,하의,XL,110,41,공용,28000,https://image.msscdn.net/images/goods_img/20240116/3796934/3796934_17053735852119_500.jpg,https://www.musinsa.com/app/goods/3796934
MINIMALCODE,세미 와이드 데님 팬츠,하의,S,103,37,남성,41900,https://image.msscdn.net/images/goods_img/20201008/1640339/1640339_3_500.jpg,https://www.musinsa.com/app/goods/1640339
MINIMALCODE,세미 와이드 데님 팬츠,하의,M,104,39,냠성,41900,https://image.msscdn.net/images/goods_img/20201008/1640339/1640339_3_500.jpg,https://www.musinsa.com/app/goods/1640339
MINIMALCODE,세미 와이드 데님 팬츠,하의,L,105,41,냠성,41900,https://image.msscdn.net/images/goods_img/20201008/1640339/1640339_3_500.jpg,https://www.musinsa.com/app/goods/1640339
MINIMALCODE,세미 와이드 데님 팬츠,하의,XL,106,43,냠성,41900,https://image.msscdn.net/images/goods_img/20201008/1640339/1640339_3_500.jpg,https://www.musinsa.com/app/goods/1640339
AVANDRESS,snow cargo denim,하의,XXS,102,34,공용,39000,https://image.msscdn.net/images/goods_img/20230426/3263933/3263933_17121326599044_500.jpg,https://www.musinsa.com/app/goods/3263933
AVANDRESS,snow cargo denim,하의,XS,102,37,공용,39000,https://image.msscdn.net/images/goods_img/20230426/3263933/3263933_17121326599044_500.jpg,https://www.musinsa.com/app/goods/3263933
AVANDRESS,snow cargo denim,하의,S,102,39,공용,39000,https://image.msscdn.net/images/goods_img/20230426/3263933/3263933_17121326599044_500.jpg,https://www.musinsa.com/app/goods/3263933
AVANDRESS,snow cargo denim,하의,M,103,42,공용,39000,https://image.msscdn.net/images/goods_img/20230426/3263933/3263933_17121326599044_500.jpg,https://www.musinsa.com/app/goods/3263933
AVANDRESS,snow cargo denim,하의,L,104,44,공용,39000,https://image.msscdn.net/images/goods_img/20230426/3263933/3263933_17121326599044_500.jpg,https://www.musinsa.com/app/goods/3263933
AVANDRESS,snow cargo denim,하의,XL,105,46,공용,39000,https://image.msscdn.net/images/goods_img/20230426/3263933/3263933_17121326599044_500.jpg,https://www.musinsa.com/app/goods/3263933
SECOND FLOOR,투에프로우 우먼즈 워싱 와이드 데님,하의,S,97,28,여성,55900,https://image.msscdn.net/images/prd_img/20231023/3646718/detail_3646718_16980472867809_500.jpg,https://www.musinsa.com/app/goods/3646718
SECOND FLOOR,투에프로우 우먼즈 워싱 와이드 데님,하의,M,98,30,여성,55900,https://image.msscdn.net/images/prd_img/20231023/3646718/detail_3646718_16980472867809_500.jpg,https://www.musinsa.com/app/goods/3646718
SECOND FLOOR,투에프로우 우먼즈 워싱 와이드 데님,하의,L,99,32,여성,55900,https://image.msscdn.net/images/prd_img/20231023/3646718/detail_3646718_16980472867809_500.jpg,https://www.musinsa.com/app/goods/3646718
SECOND FLOOR,투에프로우 우먼즈 워싱 와이드 데님,하의,XL,100,34,여성,55900,https://image.msscdn.net/images/prd_img/20231023/3646718/detail_3646718_16980472867809_500.jpg,https://www.musinsa.com/app/goods/3646718
SECOND FLOOR,투에프로우 우먼즈 워싱 와이드 데님,하의,2XL,101,36,여성,55900,https://image.msscdn.net/images/prd_img/20231023/3646718/detail_3646718_16980472867809_500.jpg,https://www.musinsa.com/app/goods/3646718
SECOND FLOOR,투에프로우 우먼즈 워싱 와이드 데님,하의,3XL,102,38,여성,55900,https://image.msscdn.net/images/prd_img/20231023/3646718/detail_3646718_16980472867809_500.jpg,https://www.musinsa.com/app/goods/3646718
MOAA,모아 헤이트 세미 부츠컷 데님,하의,S,105,32,여성,69000,https://image.msscdn.net/images/goods_img/20231121/3727186/3727186_17008183607553_500.jpg,https://www.musinsa.com/app/goods/3727186
MOAA,모아 헤이트 세미 부츠컷 데님,하의,M,106,34,여성,69000,https://image.msscdn.net/images/goods_img/20231121/3727186/3727186_17008183607553_500.jpg,https://www.musinsa.com/app/goods/3727186
ACOVER,컴포터블 데님 와이드팬츠,하의,S,102,26,여성,39800,https://image.msscdn.net/images/goods_img/20240312/3945418/3945418_17108332648742_500.jpg,https://www.musinsa.com/app/goods/3945418
ACOVER,컴포터블 데님 와이드팬츠,하의,M,104,28,여성,39800,https://image.msscdn.net/images/goods_img/20240312/3945418/3945418_17108332648742_500.jpg,https://www.musinsa.com/app/goods/3945418
ACOVER,컴포터블 데님 와이드팬츠,하의,L,106,30,여성,39800,https://image.msscdn.net/images/goods_img/20240312/3945418/3945418_17108332648742_500.jpg,https://www.musinsa.com/app/goods/3945418
ACOVER,컴포터블 데님 와이드팬츠,하의,XL,108,32,여성,39800,https://image.msscdn.net/images/goods_img/20240312/3945418/3945418_17108332648742_500.jpg,https://www.musinsa.com/app/goods/3945418
TRILLION,바이오스톤워싱 와이드데님,하의,S,105,36,공용,33600,https://image.msscdn.net/images/goods_img/20230310/3139448/3139448_16784330282471_500.jpg,https://www.musinsa.com/app/goods/3139448
TRILLION,바이오스톤워싱 와이드데님,하의,M,105,38,공용,33600,https://image.msscdn.net/images/goods_img/20230310/3139448/3139448_16784330282471_500.jpg,https://www.musinsa.com/app/goods/3139448
TRILLION,바이오스톤워싱 와이드데님,하의,L,107,40,공용,33600,https://image.msscdn.net/images/goods_img/20230310/3139448/3139448_16784330282471_500.jpg,https://www.musinsa.com/app/goods/3139448
TRILLION,바이오스톤워싱 와이드데님,하의,XL,109,42,공용,33600,https://image.msscdn.net/images/goods_img/20230310/3139448/3139448_16784330282471_500.jpg,https://www.musinsa.com/app/goods/3139448
TRILLION,파라슈트 카고리벳 데님,하의,S,103.5,36,공용,39800,https://image.msscdn.net/images/goods_img/20230310/3139448/3139448_16784330282471_500.jpg,https://www.musinsa.com/app/goods/3139448
TRILLION,파라슈트 카고리벳 데님,하의,M,105.5,38,공용,39800,https://image.msscdn.net/images/goods_img/20230310/3139448/3139448_16784330282471_500.jpg,https://www.musinsa.com/app/goods/3139448
TRILLION,파라슈트 카고리벳 데님,하의,L,107.5,40,공용,39800,https://image.msscdn.net/images/goods_img/20230310/3139448/3139448_16784330282471_500.jpg,https://www.musinsa.com/app/goods/3139448
TRILLION,파라슈트 카고리벳 데님,하의,XL,110,42,공용,39800,https://image.msscdn.net/images/goods_img/20230310/3139448/3139448_16784330282471_500.jpg,https://www.musinsa.com/app/goods/3139448
"DARLING, YOU'RE BAD",ROSE BOOTS CUT,하의,S,101,33,여성,159000,https://image.msscdn.net/images/goods_img/20231016/3629907/3629907_16974388322376_500.jpg,https://www.musinsa.com/app/goods/3629907
"DARLING, YOU'RE BAD",ROSE BOOTS CUT,하의,M,101,35,여성,159000,https://image.msscdn.net/images/goods_img/20231016/3629907/3629907_16974388322376_500.jpg,https://www.musinsa.com/app/goods/3629907
N.P STUDIO,논페이드 스트레이트 데님팬츠,하의,S,98,39,공용,39700,https://image.msscdn.net/images/goods_img/20231226/3767229/3767229_17090049013568_500.jpg,https://www.musinsa.com/app/goods/3767229
N.P STUDIO,논페이드 스트레이트 데님팬츠,하의,M,99,41,공용,39700,https://image.msscdn.net/images/goods_img/20231226/3767229/3767229_17090049013568_500.jpg,https://www.musinsa.com/app/goods/3767229
N.P STUDIO,논페이드 스트레이트 데님팬츠,하의,L,100,43,공용,39700,https://image.msscdn.net/images/goods_img/20231226/3767229/3767229_17090049013568_500.jpg,https://www.musinsa.com/app/goods/3767229
N.P STUDIO,논페이드 스트레이트 데님팬츠,하의,XL,101,45,공용,39700,https://image.msscdn.net/images/goods_img/20231226/3767229/3767229_17090049013568_500.jpg,https://www.musinsa.com/app/goods/3767229
Millo Archive,리플렉트 커브드치노 팬츠,하의,S,107,38,남성,88200,https://image.msscdn.net/images/goods_img/20240506/4107798/4107798_17152661744422_500.jpg,https://www.musinsa.com/app/goods/4107798
Millo Archive,리플렉트 커브드치노 팬츠,하의,M,109,40,남성,88200,https://image.msscdn.net/images/goods_img/20240506/4107798/4107798_17152661744422_500.jpg,https://www.musinsa.com/app/goods/4107798
Millo Archive,리플렉트 커브드치노 팬츠,하의,L,111,42,남성,88200,https://image.msscdn.net/images/goods_img/20240506/4107798/4107798_17152661744422_500.jpg,https://www.musinsa.com/app/goods/4107798
Millo Archive,리플렉트 커브드치노 팬츠,하의,XL,113,44,남성,88200,https://image.msscdn.net/images/goods_img/20240506/4107798/4107798_17152661744422_500.jpg,https://www.musinsa.com/app/goods/4107798
Standard error,스탠다드에러 벌룬핏 워싱 와이드 데님,하의,S,111,38,공용,33900,https://image.msscdn.net/images/goods_img/20240227/3902775/3902775_17159384005278_500.jpg,https://www.musinsa.com/app/goods/3902775
Standard error,스탠다드에러 벌룬핏 워싱 와이드 데님,하의,M,112.5,40,공용,33900,https://image.msscdn.net/images/goods_img/20240227/3902775/3902775_17159384005278_500.jpg,https://www.musinsa.com/app/goods/3902775
Standard error,스탠다드에러 벌룬핏 워싱 와이드 데님,하의,L,114,42,공용,33900,https://image.msscdn.net/images/goods_img/20240227/3902775/3902775_17159384005278_500.jpg,https://www.musinsa.com/app/goods/3902775
NEEV,화이트 와이드 데님 팬츠,하의,S,104.5,34.5,여성,56000,https://image.msscdn.net/images/goods_img/20230303/3120643/3120643_16778200761244_500.jpg,https://www.musinsa.com/app/goods/3120643
NEEV,화이트 와이드 데님 팬츠,하의,M,105,36.5,여성,56000,https://image.msscdn.net/images/goods_img/20230303/3120643/3120643_16778200761244_500.jpg,https://www.musinsa.com/app/goods/3120643
NEEV,화이트 와이드 데님 팬츠,하의,L,106.5,38.5,여성,56000,https://image.msscdn.net/images/goods_img/20230303/3120643/3120643_16778200761244_500.jpg,https://www.musinsa.com/app/goods/3120643
CHICKS,SDP 미니멀 스트레이트 데님 팬츠,하의,S,101,33.5,여성,28900,https://image.msscdn.net/images/goods_img/20240328/4002590/4002590_17125356664960_500.jpg,https://www.musinsa.com/app/goods/4002590
CHICKS,SDP 미니멀 스트레이트 데님 팬츠,하의,M,103,35,여성,28900,https://image.msscdn.net/images/goods_img/20240328/4002590/4002590_17125356664960_500.jpg,https://www.musinsa.com/app/goods/4002590
CHICKS,SDP 미니멀 스트레이트 데님 팬츠,하의,L,105,36.5,여성,28900,https://image.msscdn.net/images/goods_img/20240328/4002590/4002590_17125356664960_500.jpg,https://www.musinsa.com/app/goods/4002590
CHICKS,SDP 미니멀 스트레이트 데님 팬츠,하의,XL,107,38,여성,28900,https://image.msscdn.net/images/goods_img/20240328/4002590/4002590_17125356664960_500.jpg,https://www.musinsa.com/app/goods/4002590
GAINSBORO,게인스보로 스웨트 쇼츠,하의,M,44,34,공용,23900,https://image.msscdn.net/images/prd_img/20220516/2560831/detail_2560831_16850032308314_500.jpg,https://www.musinsa.com/app/goods/2560831
GAINSBORO,게인스보로 스웨트 쇼츠,하의,L,46,36,공용,23900,https://image.msscdn.net/images/prd_img/20220516/2560831/detail_2560831_16850032308314_500.jpg,https://www.musinsa.com/app/goods/2560831
GAINSBORO,게인스보로 스웨트 쇼츠,하의,XL,48,38,공용,23900,https://image.msscdn.net/images/prd_img/20220516/2560831/detail_2560831_16850032308314_500.jpg,https://www.musinsa.com/app/goods/2560831
TRILLION,캣 브러쉬워시드 버뮤다 데님 쇼츠,하의,S,42,32,공용,25900,https://image.msscdn.net/images/goods_img/20240507/4111294/4111294_17153273022925_500.jpg,https://www.musinsa.com/app/goods/4111294
TRILLION,캣 브러쉬워시드 버뮤다 데님 쇼츠,하의,M,61,38,공용,25900,https://image.msscdn.net/images/goods_img/20240507/4111294/4111294_17153273022925_500.jpg,https://www.musinsa.com/app/goods/4111294
TRILLION,캣 브러쉬워시드 버뮤다 데님 쇼츠,하의,L,63,40,공용,25900,https://image.msscdn.net/images/goods_img/20240507/4111294/4111294_17153273022925_500.jpg,https://www.musinsa.com/app/goods/4111294
TRILLION,캣 브러쉬워시드 버뮤다 데님 쇼츠,하의,XL,65,42,공용,25900,https://image.msscdn.net/images/goods_img/20240507/4111294/4111294_17153273022925_500.jpg,https://www.musinsa.com/app/goods/4111294
ADIDAS,아디다스 OG 숏 팬츠,하의,S,45,37,공용,52000,https://image.msscdn.net/images/goods_img/20240124/3817467/3817467_17060859789302_500.jpg,https://www.musinsa.com/app/goods/3817467
ADIDAS,아디다스 OG 숏 팬츠,하의,M,45,38.5,공용,52000,https://image.msscdn.net/images/goods_img/20240124/3817467/3817467_17060859789302_500.jpg,https://www.musinsa.com/app/goods/3817467
ADIDAS,아디다스 OG 숏 팬츠,하의,L,46,40,공용,52000,https://image.msscdn.net/images/goods_img/20240124/3817467/3817467_17060859789302_500.jpg,https://www.musinsa.com/app/goods/3817467
ADIDAS,아디다스 OG 숏 팬츠,하의,XL,47,42,공용,52000,https://image.msscdn.net/images/goods_img/20240124/3817467/3817467_17060859789302_500.jpg,https://www.musinsa.com/app/goods/3817467
ARDOROBE,아더로브 트레이닝 숏팬츠,하의,FREE,45,28,여성,9900,https://image.msscdn.net/images/goods_img/20190402/1001449/1001449_1_500.jpg,https://www.musinsa.com/app/goods/1001449
LEMAIN SECOND,버뮤다와이드원턱카고스웨트쇼츠,하의,S,53,32,공용,19800,https://image.msscdn.net/images/goods_img/20240416/4057927/4057927_17144675251113_500.jpg,https://www.musinsa.com/app/goods/4057927
LEMAIN SECOND,버뮤다와이드원턱카고스웨트쇼츠,하의,M,55,34,공용,19800,https://image.msscdn.net/images/goods_img/20240416/4057927/4057927_17144675251113_500.jpg,https://www.musinsa.com/app/goods/4057927
LEMAIN SECOND,버뮤다와이드원턱카고스웨트쇼츠,하의,L,57,36,공용,19800,https://image.msscdn.net/images/goods_img/20240416/4057927/4057927_17144675251113_500.jpg,https://www.musinsa.com/app/goods/4057927
LEMAIN SECOND,버뮤다와이드원턱카고스웨트쇼츠,하의,XL,59,38,공용,19800,https://image.msscdn.net/images/goods_img/20240416/4057927/4057927_17144675251113_500.jpg,https://www.musinsa.com/app/goods/4057927
SUPERSUB,슈퍼서브 루즈핏 쇼츠,하의,S(여성),42,35,공용,26000,https://image.msscdn.net/images/goods_img/20210630/2013841/2013841_2_500.jpg,https://www.musinsa.com/app/goods/2013841
SUPERSUB,슈퍼서브 루즈핏 쇼츠,하의,M,46,38,공용,26000,https://image.msscdn.net/images/goods_img/20210630/2013841/2013841_2_500.jpg,https://www.musinsa.com/app/goods/2013841
SUPERSUB,슈퍼서브 루즈핏 쇼츠,하의,L,48,40,공용,26000,https://image.msscdn.net/images/goods_img/20210630/2013841/2013841_2_500.jpg,https://www.musinsa.com/app/goods/2013841
LIKE THE MOST,라이크더모스트 오버핏 5부 하프팬츠,하의,S,48,30,공용,29900,https://image.msscdn.net/images/goods_img/20240430/4096650/4096650_17153036951965_500.jpg,https://www.musinsa.com/app/goods/4096650
LIKE THE MOST,라이크더모스트 오버핏 5부 하프팬츠,하의,M,51,32,공용,29900,https://image.msscdn.net/images/goods_img/20240430/4096650/4096650_17153036951965_500.jpg,https://www.musinsa.com/app/goods/4096650
LIKE THE MOST,라이크더모스트 오버핏 5부 하프팬츠,하의,L,54,34,공용,29900,https://image.msscdn.net/images/goods_img/20240430/4096650/4096650_17153036951965_500.jpg,https://www.musinsa.com/app/goods/4096650
LIKE THE MOST,라이크더모스트 오버핏 5부 하프팬츠,하의,XL,57,36,공용,29900,https://image.msscdn.net/images/goods_img/20240430/4096650/4096650_17153036951965_500.jpg,https://www.musinsa.com/app/goods/4096650
VENHIT,MOVING 쇼트 팬츠,하의,M,50,34,공용,25900,https://image.msscdn.net/images/goods_img/20240314/3952735/3952735_17103895392422_500.jpg,https://www.musinsa.com/app/goods/3952735
VENHIT,MOVING 쇼트 팬츠,하의,L,54,36,공용,25900,https://image.msscdn.net/images/goods_img/20240314/3952735/3952735_17103895392422_500.jpg,https://www.musinsa.com/app/goods/3952735
VENHIT,MOVING 쇼트 팬츠,하의,XL,58.5,38,공용,25900,https://image.msscdn.net/images/goods_img/20240314/3952735/3952735_17103895392422_500.jpg,https://www.musinsa.com/app/goods/3952735
VENHIT,MOVING 쇼트 팬츠,하의,2XL,62,40,공용,25900,https://image.msscdn.net/images/goods_img/20240314/3952735/3952735_17103895392422_500.jpg,https://www.musinsa.com/app/goods/3952735
SIGNATURE,베이직 세미 버뮤다 데님 쇼츠,하의,S,60,37,공용,37900,https://image.msscdn.net/images/goods_img/20240412/4048265/4048265_17138651501812_500.jpg,https://www.musinsa.com/app/goods/4048265
SIGNATURE,베이직 세미 버뮤다 데님 쇼츠,하의,M,61,39,공용,37900,https://image.msscdn.net/images/goods_img/20240412/4048265/4048265_17138651501812_500.jpg,https://www.musinsa.com/app/goods/4048265
SIGNATURE,베이직 세미 버뮤다 데님 쇼츠,하의,L,62,41,공용,37900,https://image.msscdn.net/images/goods_img/20240412/4048265/4048265_17138651501812_500.jpg,https://www.musinsa.com/app/goods/4048265
SIGNATURE,베이직 세미 버뮤다 데님 쇼츠,하의,XL,63,43,공용,37900,https://image.msscdn.net/images/goods_img/20240412/4048265/4048265_17138651501812_500.jpg,https://www.musinsa.com/app/goods/4048265
ULKIN CANVAS,얼킨캔버스 코넬스웻하프팬츠,하의,S,44,34.5,공용,19900,https://image.msscdn.net/images/goods_img/20230130/3046440/3046440_16750604943067_500.jpg,https://www.musinsa.com/app/goods/3046440
ULKIN CANVAS,얼킨캔버스 코넬스웻하프팬츠,하의,M,46,36.5,공용,19900,https://image.msscdn.net/images/goods_img/20230130/3046440/3046440_16750604943067_500.jpg,https://www.musinsa.com/app/goods/3046440
ULKIN CANVAS,얼킨캔버스 코넬스웻하프팬츠,하의,L,48,38.5,공용,19900,https://image.msscdn.net/images/goods_img/20230130/3046440/3046440_16750604943067_500.jpg,https://www.musinsa.com/app/goods/3046440
ULKIN CANVAS,얼킨캔버스 코넬스웻하프팬츠,하의,XL,50,40.5,공용,19900,https://image.msscdn.net/images/goods_img/20230130/3046440/3046440_16750604943067_500.jpg,https://www.musinsa.com/app/goods/3046440
PARTIMENTO,VTG 워시드쇼츠,하의,M,45,36,공용,29900,https://image.msscdn.net/images/goods_img/20240425/4086789/4086789_17143588376624_500.jpg,https://www.musinsa.com/app/goods/4086789
PARTIMENTO,VTG 워시드쇼츠,하의,L,47,38,여성,29900,https://image.msscdn.net/images/goods_img/20240425/4086789/4086789_17143588376624_500.jpg,https://www.musinsa.com/app/goods/4086789
RUNNINGHIGH,트렁크 레이어드 스웻 쇼츠,하의,FREE,64,31,여성,58650,https://image.msscdn.net/images/goods_img/20240327/3996309/3996309_17120418946198_500.jpg,https://www.musinsa.com/app/goods/3996309
NERDY,우먼스 ny 쇼츠,하의,XS,35,33,여성,38500,https://image.msscdn.net/images/goods_img/20230323/3172639/3172639_16802409062128_500.png,https://www.musinsa.com/app/goods/3172639
NERDY,우먼스 ny 쇼츠,하의,S,36.25,34.8,여성,38500,https://image.msscdn.net/images/goods_img/20230323/3172639/3172639_16802409062128_500.png,https://www.musinsa.com/app/goods/3172639
NERDY,우먼스 ny 쇼츠,하의,M,37.5,36.6,여성,38500,https://image.msscdn.net/images/goods_img/20230323/3172639/3172639_16802409062128_500.png,https://www.musinsa.com/app/goods/3172639
INTEMPO,트리플컷 버뮤다 팬츠,하의,M,57,39,공용,56100,https://image.msscdn.net/images/goods_img/20230503/3274634/3274634_16835273957815_500.jpg,https://www.musinsa.com/app/goods/3274634
INTEMPO,트리플컷 버뮤다 팬츠,하의,L,58,41,공용,56100,https://image.msscdn.net/images/goods_img/20230503/3274634/3274634_16835273957815_500.jpg,https://www.musinsa.com/app/goods/3274634
INTEMPO,트리플컷 버뮤다 팬츠,하의,XL,59,43,공용,56100,https://image.msscdn.net/images/goods_img/20230503/3274634/3274634_16835273957815_500.jpg,https://www.musinsa.com/app/goods/3274634
UNKOWN PLANET,원턱베이직쇼츠 팬츠,하의,S,38,32,여성,49800,https://image.msscdn.net/images/goods_img/20240311/3940277/3940277_17160194467086_500.jpg,https://www.musinsa.com/app/goods/3940277
UNKOWN PLANET,원턱베이직쇼츠 팬츠,하의,M,39,34,여성,49800,https://image.msscdn.net/images/goods_img/20240311/3940277/3940277_17160194467086_500.jpg,https://www.musinsa.com/app/goods/3940277
UNKOWN PLANET,원턱베이직쇼츠 팬츠,하의,L,40,36,여성,49800,https://image.msscdn.net/images/goods_img/20240311/3940277/3940277_17160194467086_500.jpg,https://www.musinsa.com/app/goods/3940277
PHILIPPAKER,카펜터 버뮤다 스웨트 8부 팬츠,하의,M,68,34,남성,25900,https://image.msscdn.net/images/goods_img/20240513/4126537/4126537_17156497017170_500.jpg,https://www.musinsa.com/app/goods/4126537
PHILIPPAKER,카펜터 버뮤다 스웨트 8부 팬츠,하의,L,70,37,남성,25900,https://image.msscdn.net/images/goods_img/20240513/4126537/4126537_17156497017170_500.jpg,https://www.musinsa.com/app/goods/4126537
PHILIPPAKER,카펜터 버뮤다 스웨트 8부 팬츠,하의,XL,72,40,남성,25900,https://image.msscdn.net/images/goods_img/20240513/4126537/4126537_17156497017170_500.jpg,https://www.musinsa.com/app/goods/4126537
GRANDIOSITY,카고 버뮤다 하프팬츠,하의,FREE,60,37,남성,29900,https://image.msscdn.net/images/goods_img/20240318/3964128/3964128_17122053016885_500.jpg,https://www.musinsa.com/app/goods/3964128
1989STANDARD,버뮤다 데님 숏팬츠,하의,M,52,31,남성,69900,https://image.msscdn.net/images/goods_img/20240326/3992689/3992689_17114388375353_500.jpg,https://www.musinsa.com/app/goods/3992689
1989STANDARD,버뮤다 데님 숏팬츠,하의,XL,56,35,남성,69900,https://image.msscdn.net/images/goods_img/20240326/3992689/3992689_17114388375353_500.jpg,https://www.musinsa.com/app/goods/3992689
TOPBOY,컴포트 카고 롱 밴딩 트레이닝 반바지,하의,S,53,33,남성,22800,https://image.msscdn.net/images/goods_img/20240328/4000517/4000517_17164252654582_500.jpg,https://www.musinsa.com/app/goods/4000517
TOPBOY,컴포트 카고 롱 밴딩 트레이닝 반바지,하의,M,55,35,남성,22800,https://image.msscdn.net/images/goods_img/20240328/4000517/4000517_17164252654582_500.jpg,https://www.musinsa.com/app/goods/4000517
TOPBOY,컴포트 카고 롱 밴딩 트레이닝 반바지,하의,L,56,37,남성,22800,https://image.msscdn.net/images/goods_img/20240328/4000517/4000517_17164252654582_500.jpg,https://www.musinsa.com/app/goods/4000517
TOPBOY,컴포트 카고 롱 밴딩 트레이닝 반바지,하의,XL,58,39,남성,22800,https://image.msscdn.net/images/goods_img/20240328/4000517/4000517_17164252654582_500.jpg,https://www.musinsa.com/app/goods/4000517
TOPBOY,컴포트 카고 롱 밴딩 트레이닝 반바지,하의,2XL,59,41,남성,22800,https://image.msscdn.net/images/goods_img/20240328/4000517/4000517_17164252654582_500.jpg,https://www.musinsa.com/app/goods/4000517
TOPBOY,컴포트 카고 롱 밴딩 트레이닝 반바지,하의,3XL,60,43,남성,22800,https://image.msscdn.net/images/goods_img/20240328/4000517/4000517_17164252654582_500.jpg,https://www.musinsa.com/app/goods/4000517
UNO APPAREL,UA 트윌 밴딩 반바지,하의,S,47,28,남성,20900,https://image.msscdn.net/images/goods_img/20230131/3048936/3048936_16751296972156_500.jpg,https://www.musinsa.com/app/goods/3048936
UNO APPAREL,UA 트윌 밴딩 반바지,하의,M,48,30,남성,20900,https://image.msscdn.net/images/goods_img/20230131/3048936/3048936_16751296972156_500.jpg,https://www.musinsa.com/app/goods/3048936
UNO APPAREL,UA 트윌 밴딩 반바지,하의,L,49,32,남성,20900,https://image.msscdn.net/images/goods_img/20230131/3048936/3048936_16751296972156_500.jpg,https://www.musinsa.com/app/goods/3048936
UNO APPAREL,UA 트윌 밴딩 반바지,하의,XL,52,34,남성,20900,https://image.msscdn.net/images/goods_img/20230131/3048936/3048936_16751296972156_500.jpg,https://www.musinsa.com/app/goods/3048936
TAKEEASY,자이언트핏 카고 데님팬츠,하의,S,58,36,남성,40500,https://image.msscdn.net/images/goods_img/20210506/1939350/1939350_2_500.jpg,https://www.musinsa.com/app/goods/1939350
TAKEEASY,자이언트핏 카고 데님팬츠,하의,M,60,38,남성,40500,https://image.msscdn.net/images/goods_img/20210506/1939350/1939350_2_500.jpg,https://www.musinsa.com/app/goods/1939350
TAKEEASY,자이언트핏 카고 데님팬츠,하의,L,62,40,남성,40500,https://image.msscdn.net/images/goods_img/20210506/1939350/1939350_2_500.jpg,https://www.musinsa.com/app/goods/1939350
CREAM SODA LAB,버뮤다 카고 숏팬츠,하의,M,56,38,남성,47400,https://image.msscdn.net/images/goods_img/20230620/3373853/3373853_16872458350299_500.jpg,https://www.musinsa.com/app/goods/3373853
CREAM SODA LAB,버뮤다 카고 숏팬츠,하의,L,57,40,남성,47400,https://image.msscdn.net/images/goods_img/20230620/3373853/3373853_16872458350299_500.jpg,https://www.musinsa.com/app/goods/3373853
CREAM SODA LAB,버뮤다 카고 숏팬츠,하의,XL,58,42,남성,47400,https://image.msscdn.net/images/goods_img/20230620/3373853/3373853_16872458350299_500.jpg,https://www.musinsa.com/app/goods/3373853
CREAM SODA LAB,버뮤다 카고 숏팬츠,하의,XXL,59,44,남성,47400,https://image.msscdn.net/images/goods_img/20230620/3373853/3373853_16872458350299_500.jpg,https://www.musinsa.com/app/goods/3373853
ANOUTFIT,어센틱 나일론 카고쇼츠,하의,M,53,36,남성,37800,https://image.msscdn.net/images/goods_img/20240417/4064431/4064431_17133478316600_500.jpg,https://www.musinsa.com/app/goods/4064431
ANOUTFIT,어센틱 나일론 카고쇼츠,하의,L,54.5,38,남성,37800,https://image.msscdn.net/images/goods_img/20240417/4064431/4064431_17133478316600_500.jpg,https://www.musinsa.com/app/goods/4064431
ANOUTFIT,어센틱 나일론 카고쇼츠,하의,XL,56,40,남성,37800,https://image.msscdn.net/images/goods_img/20240417/4064431/4064431_17133478316600_500.jpg,https://www.musinsa.com/app/goods/4064431
MOZMOZ,와이드 원턱 스웨트 쇼츠,하의,L,57,32,남성,18800,https://image.msscdn.net/images/goods_img/20230605/3347630/3347630_17109205971782_500.jpg,https://www.musinsa.com/app/goods/3347630
MOZMOZ,와이드 원턱 스웨트 쇼츠,하의,2XL,60,35,남성,18800,https://image.msscdn.net/images/goods_img/20230605/3347630/3347630_17109205971782_500.jpg,https://www.musinsa.com/app/goods/3347630
MOZMOZ,와이드 원턱 스웨트 쇼츠,하의,3XL,62,38,남성,18800,https://image.msscdn.net/images/goods_img/20230605/3347630/3347630_17109205971782_500.jpg,https://www.musinsa.com/app/goods/3347630
BRENSON,미니멀 트레이닝 essential 원턱 반바지,하의,M,57,35,공용,22900,https://image.msscdn.net/images/goods_img/20220523/2574822/2574822_17090158499686_500.jpg,https://www.musinsa.com/app/goods/2574822
BRENSON,미니멀 트레이닝 essential 원턱 반바지,하의,L,58.5,37,공용,22900,https://image.msscdn.net/images/goods_img/20220523/2574822/2574822_17090158499686_500.jpg,https://www.musinsa.com/app/goods/2574822
BRENSON,미니멀 트레이닝 essential 원턱 반바지,하의,XL,60,39,공용,22900,https://image.msscdn.net/images/goods_img/20220523/2574822/2574822_17090158499686_500.jpg,https://www.musinsa.com/app/goods/2574822
FLUKE,버뮤다 데님 하프팬츠,하의,M,57,38.5,남성,54800,https://image.msscdn.net/images/goods_img/20230310/3140176/3140176_16784281223874_500.jpg,https://www.musinsa.com/app/goods/3140176
FLUKE,버뮤다 데님 하프팬츠,하의,L,59,41,남성,54800,https://image.msscdn.net/images/goods_img/20230310/3140176/3140176_16784281223874_500.jpg,https://www.musinsa.com/app/goods/3140176
FLUKE,버뮤다 데님 하프팬츠,하의,XL,61,43.5,남성,54800,https://image.msscdn.net/images/goods_img/20230310/3140176/3140176_16784281223874_500.jpg,https://www.musinsa.com/app/goods/3140176
CPGN STUDIO,버뮤다 퍼티그 카고 데님팬츠,하의,S,62,39,남성,55900,https://image.msscdn.net/images/goods_img/20230503/3275880/3275880_16831131360229_500.jpg,https://www.musinsa.com/app/goods/3275880
CPGN STUDIO,버뮤다 퍼티그 카고 데님팬츠,하의,M,64,41,남성,55900,https://image.msscdn.net/images/goods_img/20230503/3275880/3275880_16831131360229_500.jpg,https://www.musinsa.com/app/goods/3275880
CPGN STUDIO,버뮤다 퍼티그 카고 데님팬츠,하의,L,66,43,남성,55900,https://image.msscdn.net/images/goods_img/20230503/3275880/3275880_16831131360229_500.jpg,https://www.musinsa.com/app/goods/3275880
BRENSON,원턱 와이드 트레이닝 팬츠,하의,M,105,35,공용,26900,https://image.msscdn.net/images/goods_img/20210315/1844582/1844582_17096966467394_500.jpg,https://www.musinsa.com/app/goods/1844582
BRENSON,원턱 와이드 트레이닝 팬츠,하의,L,106.5,37,공용,26900,https://image.msscdn.net/images/goods_img/20210315/1844582/1844582_17096966467394_500.jpg,https://www.musinsa.com/app/goods/1844582
BRENSON,원턱 와이드 트레이닝 팬츠,하의,XL,108,39,공용,26900,https://image.msscdn.net/images/goods_img/20210315/1844582/1844582_17096966467394_500.jpg,https://www.musinsa.com/app/goods/1844582
GUBIN,블록코어 포인트 팬츠,하의,M,105,29,공용,41850,https://image.msscdn.net/images/goods_img/20230915/3563522/3563522_17071782962244_500.jpg,https://www.musinsa.com/app/goods/3563522
GUBIN,블록코어 포인트 팬츠,하의,L,109,33,공용,41850,https://image.msscdn.net/images/goods_img/20230915/3563522/3563522_17071782962244_500.jpg,https://www.musinsa.com/app/goods/3563522
VENHIT,spark 와이드 팬츠,하의,M,93,32,공용,28900,https://image.msscdn.net/images/goods_img/20230814/3465113/3465113_16921547938021_500.jpg,https://www.musinsa.com/app/goods/3465113
VENHIT,spark 와이드 팬츠,하의,L,98,34,공용,28900,https://image.msscdn.net/images/goods_img/20230814/3465113/3465113_16921547938021_500.jpg,https://www.musinsa.com/app/goods/3465113
VENHIT,spark 와이드 팬츠,하의,XL,103,36,공용,28900,https://image.msscdn.net/images/goods_img/20230814/3465113/3465113_16921547938021_500.jpg,https://www.musinsa.com/app/goods/3465113
XERO,제로 classic sweat pants,하의,S ,98,32,남성,39000,https://image.msscdn.net/images/goods_img/20200121/1278214/1278214_1_500.jpg,https://www.musinsa.com/app/goods/1278214
XERO,제로 classic sweat pants,하의,M ,102,34,남성,39000,https://image.msscdn.net/images/goods_img/20200121/1278214/1278214_1_500.jpg,https://www.musinsa.com/app/goods/1278214
XERO,제로 classic sweat pants,하의,L ,102,36,남성,39000,https://image.msscdn.net/images/goods_img/20200121/1278214/1278214_1_500.jpg,https://www.musinsa.com/app/goods/1278214
XERO,제로 classic sweat pants,하의,XL ,103,37,남성,39000,https://image.msscdn.net/images/goods_img/20200121/1278214/1278214_1_500.jpg,https://www.musinsa.com/app/goods/1278214
XERO,제로 classic sweat pants,하의,Free ,107,35,남성,39000,https://image.msscdn.net/images/goods_img/20200121/1278214/1278214_1_500.jpg,https://www.musinsa.com/app/goods/1278214
KIMUIR,키뮤어 cool 코튼 팬츠,하의,M,106,36.5,남성,59900,https://image.msscdn.net/images/prd_img/20240417/4062653/detail_4062653_17134079428124_500.jpg,https://www.musinsa.com/app/goods/4062653
KIMUIR,키뮤어 cool 코튼 팬츠,하의,L,108,39,남성,59900,https://image.msscdn.net/images/prd_img/20240417/4062653/detail_4062653_17134079428124_500.jpg,https://www.musinsa.com/app/goods/4062653
1993STUDIO,1993 스튜디오 빈티지 파이핑 팬츠,하의,FREE,106.5,33.5,공용,55300,https://image.msscdn.net/images/goods_img/20220712/2660556/2660556_16765951086425_500.jpg,https://www.musinsa.com/app/goods/2660556
NERDY,유니 NY데님 오버롤,하의,S,102,46,남성,159000,https://image.msscdn.net/images/goods_img/20240510/4121295/4121295_17153233263871_500.jpg,https://www.musinsa.com/app/goods/4121295
NERDY,유니 NY데님 오버롤,하의,M,104,48,남성,159000,https://image.msscdn.net/images/goods_img/20240510/4121295/4121295_17153233263871_500.jpg,https://www.musinsa.com/app/goods/4121295
NERDY,유니 NY데님 오버롤,하의,L,106,50,남성,159000,https://image.msscdn.net/images/goods_img/20240510/4121295/4121295_17153233263871_500.jpg,https://www.musinsa.com/app/goods/4121295
PHILOGRAM,PLG 네프 생지 점프수트,하의,S,163,45,남성,156750,https://image.msscdn.net/images/goods_img/20210829/2096437/2096437_16945907798336_500.jpg,https://www.musinsa.com/app/goods/2096437
PHILOGRAM,PLG 네프 생지 점프수트,하의,M,166,47,남성,156750,https://image.msscdn.net/images/goods_img/20210829/2096437/2096437_16945907798336_500.jpg,https://www.musinsa.com/app/goods/2096437
PHILOGRAM,PLG 네프 생지 점프수트,하의,L,169,49,남성,156750,https://image.msscdn.net/images/goods_img/20210829/2096437/2096437_16945907798336_500.jpg,https://www.musinsa.com/app/goods/2096437
시그니처,썸머 시어서커 밴딩 팬츠,하의,M,106,32,남성,29900,https://image.msscdn.net/images/goods_img/20230419/3246389/3246389_17150475995096_500.jpg,https://www.musinsa.com/app/goods/3246389
시그니처,썸머 시어서커 밴딩 팬츠,하의,L,107,33,남성,29900,https://image.msscdn.net/images/goods_img/20230419/3246389/3246389_17150475995096_500.jpg,https://www.musinsa.com/app/goods/3246389
DRAWFIT,쿨링 릴렉스드 와이드팬츠,하의,M,102.5,37,남성,47200,https://image.msscdn.net/images/goods_img/20240507/4108579/4108579_17164444879322_500.jpg,https://www.musinsa.com/app/goods/4108579
DRAWFIT,쿨링 릴렉스드 와이드팬츠,하의,L,104,39,남성,47200,https://image.msscdn.net/images/goods_img/20240507/4108579/4108579_17164444879322_500.jpg,https://www.musinsa.com/app/goods/4108579
DRAWFIT,쿨링 릴렉스드 와이드팬츠,하의,XL,105.5,41,남성,47200,https://image.msscdn.net/images/goods_img/20240507/4108579/4108579_17164444879322_500.jpg,https://www.musinsa.com/app/goods/4108579
