name,type,size,length,shoulderWidth,chestCrossSection,sleeveLength,image,price,company,gender,link
에센셜 후드 스웻 셔츠,상의,S,66,59,65.5,58,https://image.msscdn.net/images/goods_img/20220119/2314616/2314616_1_500.jpg,37000,TOFFEE,남성,http://mss.kr/2314616
에센셜 후드 스웻 셔츠,상의,M,68,60.5,67.5,59,https://image.msscdn.net/images/goods_img/20220119/2314616/2314616_1_500.jpg,37000,TOFFEE,남성,http://mss.kr/2314616
에센셜 후드 스웻 셔츠,상의,L,70,62,69.5,60,https://image.msscdn.net/images/goods_img/20220119/2314616/2314616_1_500.jpg,37000,TOFFEE,남성,http://mss.kr/2314616
에센셜 후드 스웻 셔츠,상의,XL,72,63.5,71.5,6,https://image.msscdn.net/images/goods_img/20220119/2314616/2314616_1_500.jpg,37000,TOFFEE,남성,http://mss.kr/2314616
Multi Pocket Outdoor Shirt Golden Beige,상의,M,72,51,60,27,https://image.msscdn.net/images/goods_img/20240408/4035152/4035152_17128087475687_500.jpg,109000,ESPIONAGE,남성,http://mss.kr/4035152
Multi Pocket Outdoor Shirt Golden Beige,상의,L,74,53,62,28,https://image.msscdn.net/images/goods_img/20240408/4035152/4035152_17128087475687_500.jpg,109000,ESPIONAGE,남성,http://mss.kr/4035152
Multi Pocket Outdoor Shirt Golden Beige,상의,XL,76,55,64,29,https://image.msscdn.net/images/goods_img/20240408/4035152/4035152_17128087475687_500.jpg,109000,ESPIONAGE,남성,http://mss.kr/4035152
시티보이 빅 오버핏 빅사이즈 옥스포드 셔츠,상의,M,74.5,58,60,55,https://image.msscdn.net/images/goods_img/20240207/3856743/3856743_17084236956415_500.jpg,26670,UNTAPPED STUDIO,남성,http://mss.kr/3856743
시티보이 빅 오버핏 빅사이즈 옥스포드 셔츠,상의,L,76,60,62,57,https://image.msscdn.net/images/goods_img/20240207/3856743/3856743_17084236956415_500.jpg,26670,UNTAPPED STUDIO,남성,http://mss.kr/3856743
시티보이 빅 오버핏 빅사이즈 옥스포드 셔츠,상의,XL,77.5,62,64,58,https://image.msscdn.net/images/goods_img/20240207/3856743/3856743_17084236956415_500.jpg,26670,UNTAPPED STUDIO,남성,http://mss.kr/3856743
시티보이 빅 오버핏 빅사이즈 옥스포드 셔츠,상의,2XL,79,64,66,59,https://image.msscdn.net/images/goods_img/20240207/3856743/3856743_17084236956415_500.jpg,26670,UNTAPPED STUDIO,남성,http://mss.kr/3856743
시티보이 빅 오버핏 빅사이즈 쿨 린넨 반팔 셔츠,상의,M,74.5,58,60,22,https://image.msscdn.net/images/goods_img/20240501/4099790/4099790_17156607413560_500.jpg,21336,UNTAPPED STUDIO,남성,http://mss.kr/4099790
시티보이 빅 오버핏 빅사이즈 쿨 린넨 반팔 셔츠,상의,L,76,60,62,23,https://image.msscdn.net/images/goods_img/20240501/4099790/4099790_17156607413560_500.jpg,21336,UNTAPPED STUDIO,남성,http://mss.kr/4099790
시티보이 빅 오버핏 빅사이즈 쿨 린넨 반팔 셔츠,상의,XL,77.5,62,64,24,https://image.msscdn.net/images/goods_img/20240501/4099790/4099790_17156607413560_500.jpg,21336,UNTAPPED STUDIO,남성,http://mss.kr/4099790
시티보이 빅 오버핏 빅사이즈 쿨 린넨 반팔 셔츠,상의,2XL,79,64,66,25,https://image.msscdn.net/images/goods_img/20240501/4099790/4099790_17156607413560_500.jpg,21336,UNTAPPED STUDIO,남성,http://mss.kr/4099790
고스트소울걸 갸루 빅 빅 티셔츠_화이트,상의,S,78.5,59,64.5,23.5,https://image.msscdn.net/images/goods_img/20240516/4133474/4133474_17159125879916_500.jpg,53100,NICEGHOSTCLUB,남성,http://mss.kr/4133474
고스트소울걸 갸루 빅 빅 티셔츠_화이트,상의,M,80.5,61,67,24.5,https://image.msscdn.net/images/goods_img/20240516/4133474/4133474_17159125879916_500.jpg,53100,NICEGHOSTCLUB,남성,http://mss.kr/4133474
시티보이 빅 오버핏 빅사이즈 쿨 린넨 셔츠,상의,M,74.5,58,60,55,https://image.msscdn.net/images/goods_img/20240501/4099784/4099784_17156572470547_500.jpg,26670,UNTAPPED STUDIO,남성,http://mss.kr/4099784
시티보이 빅 오버핏 빅사이즈 쿨 린넨 셔츠,상의,L,76,60,62,57,https://image.msscdn.net/images/goods_img/20240501/4099784/4099784_17156572470547_500.jpg,26670,UNTAPPED STUDIO,남성,http://mss.kr/4099784
시티보이 빅 오버핏 빅사이즈 쿨 린넨 셔츠,상의,XL,77.5,62,64,58,https://image.msscdn.net/images/goods_img/20240501/4099784/4099784_17156572470547_500.jpg,26670,NICEGHOSTCLUB,남성,http://mss.kr/4099784
시티보이 빅 오버핏 빅사이즈 쿨 린넨 셔츠,상의,2XL,79,64,66,59,https://image.msscdn.net/images/goods_img/20240501/4099784/4099784_17156572470547_500.jpg,26670,NICEGHOSTCLUB,남성,http://mss.kr/4099784
루즈핏 오픈카라 텐셀 린넨 셔츠,상의,S,72,48,51.5,57.5,https://image.msscdn.net/images/goods_img/20190408/1008039/1008039_16896571224053_500.jpg,42000,ANOBLIR,남성,http://mss.kr/1008039
루즈핏 오픈카라 텐셀 린넨 셔츠,상의,M,73.5,50,54,58.5,https://image.msscdn.net/images/goods_img/20190408/1008039/1008039_16896571224053_500.jpg,42000,ANOBLIR,남성,http://mss.kr/1008039
루즈핏 오픈카라 텐셀 린넨 셔츠,상의,L,75,52,56.5,59.5,https://image.msscdn.net/images/goods_img/20190408/1008039/1008039_16896571224053_500.jpg,42000,ANOBLIR,남성,http://mss.kr/1008039
루즈핏 오픈카라 텐셀 린넨 셔츠,상의,XL,76.5,54,59,60.5,https://image.msscdn.net/images/goods_img/20190408/1008039/1008039_16896571224053_500.jpg,42000,ANOBLIR,남성,http://mss.kr/1008039
여 슬림핏 인스티튜셔널 로고 반팔 티셔츠,상의,XS,60,35.5,36,15.5,https://image.msscdn.net/images/goods_img/20211229/2285512/2285512_17127918726199_500.jpg,36400,CALVIN KLEIN JEANS,여성,http://mss.kr/2285512
여 슬림핏 인스티튜셔널 로고 반팔 티셔츠,상의,S,62,36,40,16,https://image.msscdn.net/images/goods_img/20211229/2285512/2285512_17127918726199_500.jpg,36400,CALVIN KLEIN JEANS,여성,http://mss.kr/2285512
여 슬림핏 인스티튜셔널 로고 반팔 티셔츠,상의,M,63,37,44.5,17,https://image.msscdn.net/images/goods_img/20211229/2285512/2285512_17127918726199_500.jpg,36400,CALVIN KLEIN JEANS,여성,http://mss.kr/2285512
여 슬림핏 인스티튜셔널 로고 반팔 티셔츠,상의,L,64.5,38.5,47,17.5,https://image.msscdn.net/images/goods_img/20211229/2285512/2285512_17127918726199_500.jpg,36400,CALVIN KLEIN JEANS,여성,http://mss.kr/2285512
와이드 스트링 하프 셔츠_Pastel Lilac,상의,S,72,53,60,25,https://image.msscdn.net/images/goods_img/20240502/4102130/4102130_17153209070210_500.jpg,45800,LAFUDGESTORE,공용,http://mss.kr/4102130
와이드 스트링 하프 셔츠_Pastel Lilac,상의,M,74,55,62,26,https://image.msscdn.net/images/goods_img/20240502/4102130/4102130_17153209070210_500.jpg,45800,LAFUDGESTORE,공용,http://mss.kr/4102130
와이드 스트링 하프 셔츠_Pastel Lilac,상의,L,76,57,64,27,https://image.msscdn.net/images/goods_img/20240502/4102130/4102130_17153209070210_500.jpg,45800,LAFUDGESTORE,공용,http://mss.kr/4102130
투 포켓 데님 하프 셔츠 [페이드 블루],상의,M,73,48,59,26,https://image.msscdn.net/images/goods_img/20240502/4103033/4103033_17152394859876_500.jpg,79200,MILLO ARCHIVE,남성,http://mss.kr/4103033
투 포켓 데님 하프 셔츠 [페이드 블루],상의,L,75,50,61.5,27,https://image.msscdn.net/images/goods_img/20240502/4103033/4103033_17152394859876_500.jpg,79200,MILLO ARCHIVE,남성,http://mss.kr/4103033
투 포켓 데님 하프 셔츠 [페이드 블루],상의,XL,77,52,64,28,https://image.msscdn.net/images/goods_img/20240502/4103033/4103033_17152394859876_500.jpg,79200,MILLO ARCHIVE,남성,http://mss.kr/4103033
빅로고 반팔티,상의,XS,59.1,36.2,42.9,19.1,https://image.msscdn.net/images/goods_img/20230818/3476114/3476114_17156495108971_500.png,13050,JEEP,공용,http://mss.kr/3476114
빅로고 반팔티,상의,S,60.3,37.5,45.4,19.7,https://image.msscdn.net/images/goods_img/20230818/3476114/3476114_17156495108971_500.png,13050,JEEP,공용,http://mss.kr/3476114
빅로고 반팔티,상의,M,65.4,43.5,49.8,21.6,https://image.msscdn.net/images/goods_img/20230818/3476114/3476114_17156495108971_500.png,13050,JEEP,공용,http://mss.kr/3476114
빅로고 반팔티,상의,L,66.7,44.8,52.4,22.2,https://image.msscdn.net/images/goods_img/20230818/3476114/3476114_17156495108971_500.png,13050,JEEP,공용,http://mss.kr/3476114
빅로고 반팔티,상의,XL,67.9,46.7,56.2,23.2,https://image.msscdn.net/images/goods_img/20230818/3476114/3476114_17156495108971_500.png,13050,JEEP,공용,http://mss.kr/3476114
빅로고 반팔티,상의,2XL,69.2,47.9,58.7,23.8,https://image.msscdn.net/images/goods_img/20230818/3476114/3476114_17156495108971_500.png,13050,JEEP,공용,http://mss.kr/3476114
W CHECK SHIRTS,상의,FREE,61.5,43,56,24.5,https://image.msscdn.net/images/goods_img/20240328/4000884/4000884_17134264096357_500.jpg,49000,COMONINOZ,여성,http://mss.kr/4000884
Half T-Shirts,상의,S,61.6,40.6,49.5,22.5,https://image.msscdn.net/images/goods_img/20200420/1411668/1411668_2_500.jpg,22500,JEEP,공용,http://mss.kr/1411668
Half T-Shirts,상의,M,66.7,45.7,49.8,24.8,https://image.msscdn.net/images/goods_img/20200420/1411668/1411668_2_500.jpg,22500,JEEP,공용,http://mss.kr/1411668
Half T-Shirts,상의,L,67.9,46.4,52.4,25.4,https://image.msscdn.net/images/goods_img/20200420/1411668/1411668_2_500.jpg,22500,JEEP,공용,http://mss.kr/1411668
Half T-Shirts,상의,XL,69.2,48.3,56.2,26,https://image.msscdn.net/images/goods_img/20200420/1411668/1411668_2_500.jpg,22500,JEEP,공용,http://mss.kr/1411668
Half T-Shirts,상의,2XL,70.5,50.2,48,27,https://image.msscdn.net/images/goods_img/20200420/1411668/1411668_2_500.jpg,22500,JEEP,공용,http://mss.kr/1411668
시어서커 하프 셔츠_블랙,상의,M,74.5,47.5,61.5,30.5,https://image.msscdn.net/images/goods_img/20230322/3170594/3170594_17156774163192_500.png,37500,DIMITRI BLACK,공용,http://mss.kr/3170594
시어서커 하프 셔츠_블랙,상의,L,76.5,49,64,31,https://image.msscdn.net/images/goods_img/20230322/3170594/3170594_17156774163192_500.png,37500,DIMITRI BLACK,공용,http://mss.kr/3170594
시어서커 하프 셔츠_블랙,상의,XL,78.5,50.5,66.5,32.5,https://image.msscdn.net/images/goods_img/20230322/3170594/3170594_17156774163192_500.png,37500,DIMITRI BLACK,공용,http://mss.kr/3170594
솔리드 링클프리 루즈핏 무지 셔츠 소라,상의,FREE,78,56,62,61,https://image.msscdn.net/images/goods_img/20231130/3739931/3739931_17013314639476_500.jpg,23800,TOPBOY,남성,http://mss.kr/3739931
LMC X HAHA HA OFFICE CATS TEAM LEADER TEE,상의,S,67,49,52,22.5,https://image.msscdn.net/images/goods_img/20230821/3479942/3479942_16931947713297_500.jpg,31500,LMC,공용,http://mss.kr/3479942
LMC X HAHA HA OFFICE CATS TEAM LEADER TEE,상의,M,69,51.5,55,23,https://image.msscdn.net/images/goods_img/20230821/3479942/3479942_16931947713297_500.jpg,31500,LMC,공용,http://mss.kr/3479942
LMC X HAHA HA OFFICE CATS TEAM LEADER TEE,상의,L,72,54.5,58,23.5,https://image.msscdn.net/images/goods_img/20230821/3479942/3479942_16931947713297_500.jpg,31500,LMC,공용,http://mss.kr/3479942
LMC X HAHA HA OFFICE CATS TEAM LEADER TEE,상의,XL,76.5,57.5,61,24,https://image.msscdn.net/images/goods_img/20230821/3479942/3479942_16931947713297_500.jpg,31500,LMC,공용,http://mss.kr/3479942
MIL SERIES TEE,상의,S,70,49,58,23,https://image.msscdn.net/images/goods_img/20240327/3997931/3997931_17131584484115_500.jpg,47700,OUTSTANDING,남성,http://mss.kr/3997931
MIL SERIES TEE,상의,M,72,51,60,24,https://image.msscdn.net/images/goods_img/20240327/3997931/3997931_17131584484115_500.jpg,47700,OUTSTANDING,남성,http://mss.kr/3997931
MIL SERIES TEE,상의,L,74,53,62,25,https://image.msscdn.net/images/goods_img/20240327/3997931/3997931_17131584484115_500.jpg,47700,OUTSTANDING,남성,http://mss.kr/3997931
베이직 폴로 티셔츠 BLACK,상의,S,67,46,52,45,https://image.msscdn.net/images/goods_img/20230515/3297327/3297327_16841358242048_500.jpg,12000,FIFA 1904,남성,http://mss.kr/3297327
베이직 폴로 티셔츠 BLACK,상의,M,69,48,55,46,https://image.msscdn.net/images/goods_img/20230515/3297327/3297327_16841358242048_500.jpg,12000,FIFA 1904,남성,http://mss.kr/3297327
베이직 폴로 티셔츠 BLACK,상의,L,71,50,57,47,https://image.msscdn.net/images/goods_img/20230515/3297327/3297327_16841358242048_500.jpg,12000,FIFA 1904,남성,http://mss.kr/3297327
베이직 폴로 티셔츠 BLACK,상의,XL,73,52,59,48,https://image.msscdn.net/images/goods_img/20230515/3297327/3297327_16841358242048_500.jpg,12000,FIFA 1904,남성,http://mss.kr/3297327
베이직 폴로 티셔츠 BLACK,상의,2XL,75,54,61,49,https://image.msscdn.net/images/goods_img/20230515/3297327/3297327_16841358242048_500.jpg,12000,FIFA 1904,남성,http://mss.kr/3297327
TAG OG LONGSLEEVE,상의,S,67,52,53,58,https://image.msscdn.net/images/goods_img/20230104/3005822/3005822_17049556519510_500.jpg,44100,BROWNBREATH,공용,http://mss.kr/3005822
TAG OG LONGSLEEVE,상의,M,69,54,55,59,https://image.msscdn.net/images/goods_img/20230104/3005822/3005822_17049556519510_500.jpg,44100,BROWNBREATH,공용,http://mss.kr/3005822
TAG OG LONGSLEEVE,상의,L,71,56,57,60,https://image.msscdn.net/images/goods_img/20230104/3005822/3005822_17049556519510_500.jpg,44100,BROWNBREATH,공용,http://mss.kr/3005822
TAG OG LONGSLEEVE,상의,XL,73,58,59,61,https://image.msscdn.net/images/goods_img/20230104/3005822/3005822_17049556519510_500.jpg,44100,BROWNBREATH,공용,http://mss.kr/3005822
버니위비+썸띵 레글런 반팔티셔츠,상의,S,67,50,56,22,https://image.msscdn.net/images/goods_img/20240411/4042935/4042935_17156474759736_500.jpg,39800,WV PROJECT,공용,http://mss.kr/4042935
버니위비+썸띵 레글런 반팔티셔츠,상의,M,71,53,59,24,https://image.msscdn.net/images/goods_img/20240411/4042935/4042935_17156474759736_500.jpg,39800,WV PROJECT,공용,http://mss.kr/4042935
버니위비+썸띵 레글런 반팔티셔츠,상의,L,75,56,62,26,https://image.msscdn.net/images/goods_img/20240411/4042935/4042935_17156474759736_500.jpg,39800,WV PROJECT,공용,http://mss.kr/4042935
CALIFORNIA BEAR L/S,상의,M,70,49.5,58.5,66,https://image.msscdn.net/images/goods_img/20230823/3490973/3490973_16937376549645_500.jpg,14700,UC BERKELEY,남성,http://mss.kr/3490973
CALIFORNIA BEAR L/S,상의,L,72,51.5,60.5,67,https://image.msscdn.net/images/goods_img/20230823/3490973/3490973_16937376549645_500.jpg,14700,UC BERKELEY,남성,http://mss.kr/3490973
오버핏 시보리 실키 긴팔티,상의,S,70.5,56,56,54.5,https://image.msscdn.net/images/goods_img/20240327/3996776/3996776_17161738340427_500.jpg,14900,UNIONSTUDIO,남성,http://mss.kr/3996776
오버핏 시보리 실키 긴팔티,상의,M,73.5,58,58,57,https://image.msscdn.net/images/goods_img/20240327/3996776/3996776_17161738340427_500.jpg,14900,UNIONSTUDIO,남성,http://mss.kr/3996776
오버핏 시보리 실키 긴팔티,상의,L,75,60,60,58,https://image.msscdn.net/images/goods_img/20240327/3996776/3996776_17161738340427_500.jpg,14900,UNIONSTUDIO,남성,http://mss.kr/3996776
오버핏 시보리 실키 긴팔티,상의,XL,76.5,62,62,59,https://image.msscdn.net/images/goods_img/20240327/3996776/3996776_17161738340427_500.jpg,14900,UNIONSTUDIO,남성,http://mss.kr/3996776
빅 트위치 로고 티셔츠 화이트,상의,XS,55,37,45.5,18,https://image.msscdn.net/images/goods_img/20240308/3932869/3932869_17098639041584_500.jpg,21000,LEE,공용,http://mss.kr/3932869
빅 트위치 로고 티셔츠 화이트,상의,S,67,51,54,20,https://image.msscdn.net/images/goods_img/20240308/3932869/3932869_17098639041584_500.jpg,21000,LEE,공용,http://mss.kr/3932869
빅 트위치 로고 티셔츠 화이트,상의,M,69,53,56,21,https://image.msscdn.net/images/goods_img/20240308/3932869/3932869_17098639041584_500.jpg,21000,LEE,공용,http://mss.kr/3932869
빅 트위치 로고 티셔츠 화이트,상의,L,71,55,58,22,https://image.msscdn.net/images/goods_img/20240308/3932869/3932869_17098639041584_500.jpg,21000,LEE,공용,http://mss.kr/3932869
빅 트위치 로고 티셔츠 화이트,상의,XL,73,57,60,23,https://image.msscdn.net/images/goods_img/20240308/3932869/3932869_17098639041584_500.jpg,21000,LEE,공용,http://mss.kr/3932869
빅 트위치 로고 티셔츠 화이트,상의,2XL,75,59,62,24,https://image.msscdn.net/images/goods_img/20240308/3932869/3932869_17098639041584_500.jpg,21000,LEE,공용,http://mss.kr/3932869
VXB POCKET TEE,상의,M,69,49,54,23.5,https://image.msscdn.net/images/goods_img/20240423/4078541/4078541_17155900786308_500.jpg,53100,BROWNBREATH,남성,http://mss.kr/4078541
VXB POCKET TEE,상의,L,72,51,57,25,https://image.msscdn.net/images/goods_img/20240423/4078541/4078541_17155900786308_500.jpg,53100,BROWNBREATH,남성,http://mss.kr/4078541
VXB POCKET TEE,상의,XL,75,53,60,26.5,https://image.msscdn.net/images/goods_img/20240423/4078541/4078541_17155900786308_500.jpg,53100,BROWNBREATH,남성,http://mss.kr/4078541
린넨 스카시 니트 셔츠 BLACK,상의,M,64,54,58,20,https://image.msscdn.net/images/goods_img/20240423/4078541/4078541_17155900786308_500.jpg,59800,KNITTED,공용,http://mss.kr/4035541
린넨 스카시 니트 셔츠 BLACK,상의,L,66,56,60,22,https://image.msscdn.net/images/goods_img/20240423/4078541/4078541_17155900786308_500.jpg,59800,KNITTED,공용,http://mss.kr/4035541
린넨 스카시 니트 셔츠 BLACK,상의,XL,68,58,62,24,https://image.msscdn.net/images/goods_img/20240423/4078541/4078541_17155900786308_500.jpg,59800,KNITTED,공용,http://mss.kr/4035541
린넨 버튼다운 오버셔츠,상의,S,77,55,65,58,https://image.msscdn.net/images/goods_img/20220506/2544188/2544188_1_500.jpg,33500,TAKEASY,남성,http://mss.kr/2544188
린넨 버튼다운 오버셔츠,상의,M,79,57,67,59,https://image.msscdn.net/images/goods_img/20220506/2544188/2544188_1_500.jpg,33500,TAKEASY,남성,http://mss.kr/2544188
린넨 버튼다운 오버셔츠,상의,L,81,59,69,60,https://image.msscdn.net/images/goods_img/20220506/2544188/2544188_1_500.jpg,33500,TAKEASY,남성,http://mss.kr/2544188
2 TONE ARCH HOODIE BLACK,상의,WS,61,52,54,57,https://image.msscdn.net/images/goods_img/20230814/3463299/3463299_16919839135094_500.jpg,47400,YALE,공용,http://mss.kr/3463299
2 TONE ARCH HOODIE BLACK,상의,S,64,55,57,58.5,https://image.msscdn.net/images/goods_img/20230814/3463299/3463299_16919839135094_500.jpg,47400,YALE,공용,http://mss.kr/3463299
2 TONE ARCH HOODIE BLACK,상의,M,67,58,60,60,https://image.msscdn.net/images/goods_img/20230814/3463299/3463299_16919839135094_500.jpg,47400,YALE,공용,http://mss.kr/3463299
2 TONE ARCH HOODIE BLACK,상의,L,69,60,62,61,https://image.msscdn.net/images/goods_img/20230814/3463299/3463299_16919839135094_500.jpg,47400,YALE,공용,http://mss.kr/3463299
2 TONE ARCH HOODIE BLACK,상의,XL,71,62,64,62,https://image.msscdn.net/images/goods_img/20230814/3463299/3463299_16919839135094_500.jpg,47400,YALE,공용,http://mss.kr/3463299
2 TONE ARCH HOODIE BLACK,상의,2XL,73,64,66,62,https://image.msscdn.net/images/goods_img/20230814/3463299/3463299_16919839135094_500.jpg,47400,YALE,공용,http://mss.kr/3463299
OHPxAIDAEVE 밀크베이비 no.2 세미오버 반팔티,상의,S,66,47,51,22.5,https://image.msscdn.net/images/goods_img/20240325/3986383/3986383_17113451695978_500.jpg,49000,OHP,남성,http://mss.kr/3986383
OHPxAIDAEVE 밀크베이비 no.2 세미오버 반팔티,상의,M,70,52,55,23,https://image.msscdn.net/images/goods_img/20240325/3986383/3986383_17113451695978_500.jpg,49000,OHP,남성,http://mss.kr/3986383
OHPxAIDAEVE 밀크베이비 no.2 세미오버 반팔티,상의,L,73.5,55,60,25,https://image.msscdn.net/images/goods_img/20240325/3986383/3986383_17113451695978_500.jpg,49000,OHP,남성,http://mss.kr/3986383
OHPxAIDAEVE 밀크베이비 no.2 세미오버 반팔티,상의,XL,75.5,57,62,25,https://image.msscdn.net/images/goods_img/20240325/3986383/3986383_17113451695978_500.jpg,49000,OHP,남성,http://mss.kr/3986383
OHPxAIDAEVE 밀크베이비 no.2 세미오버 반팔티,상의,2XL,78,59,66,27,https://image.msscdn.net/images/goods_img/20240325/3986383/3986383_17113451695978_500.jpg,49000,OHP,남성,http://mss.kr/3986383
JI-YOUNG T-SHIRT - BLACK,상의,M,70.5,51.5,52.5,18.5,https://image.msscdn.net/images/goods_img/20230523/3316232/3316232_16847722160252_500.jpg,39200,LAUGHER,공용,http://mss.kr/3316232
JI-YOUNG T-SHIRT - BLACK,상의,L,73,53.5,54.5,19.5,https://image.msscdn.net/images/goods_img/20230523/3316232/3316232_16847722160252_500.jpg,39200,LAUGHER,공용,http://mss.kr/3316232
JI-YOUNG T-SHIRT - BLACK,상의,XL,76,55.5,56.5,20.5,https://image.msscdn.net/images/goods_img/20230523/3316232/3316232_16847722160252_500.jpg,39200,LAUGHER,공용,http://mss.kr/3316232
It Is No Joke,상의,M,66.5,57,57,59,https://image.msscdn.net/images/goods_img/20240206/3850779/3850779_17072060487503_500.jpg,43200,DEFYCLUBROBBERS,공용,http://mss.kr/3850779
It Is No Joke,상의,L,70.5,61,61,61,https://image.msscdn.net/images/goods_img/20240206/3850779/3850779_17072060487503_500.jpg,43200,DEFYCLUBROBBERS,공용,http://mss.kr/3850779
오버핏 리사이클 나일론 셔츠,상의,M,78.5,52,62.5,61,https://image.msscdn.net/images/goods_img/20220817/2723542/2723542_1_500.jpg,36000,FILLUMINATE,공용,http://mss.kr/2723542
오버핏 리사이클 나일론 셔츠,상의,L,80.5,54,64.5,62,https://image.msscdn.net/images/goods_img/20220817/2723542/2723542_1_500.jpg,36000,FILLUMINATE,공용,http://mss.kr/2723542
오버핏 리사이클 나일론 셔츠,상의,XL,82.5,56,66.5,63,https://image.msscdn.net/images/goods_img/20220817/2723542/2723542_1_500.jpg,36000,FILLUMINATE,공용,http://mss.kr/2723542
시티 빅오버 크루즈 티셔츠_Midnight Blue,상의,S,80,55,70,70,https://image.msscdn.net/images/goods_img/20240508/4112254/4112254_17153269578491_500.jpg,43800,LAFUDGESTORE,공용,http://mss.kr/4112254
시티 빅오버 크루즈 티셔츠_Midnight Blue,상의,M,82,57,72,71,https://image.msscdn.net/images/goods_img/20240508/4112254/4112254_17153269578491_500.jpg,43800,LAFUDGESTORE,공용,http://mss.kr/4112254
시티 빅오버 크루즈 티셔츠_Midnight Blue,상의,L,84,59,74,72,https://image.msscdn.net/images/goods_img/20240508/4112254/4112254_17153269578491_500.jpg,43800,LAFUDGESTORE,공용,http://mss.kr/4112254
TMNT SKATER LONGSLEEVE,상의,M,69,52,53,59,https://image.msscdn.net/images/goods_img/20230804/3445372/3445372_17077846538937_500.jpg,29500,BROWNBREATH,공용,http://mss.kr/3445372
TMNT SKATER LONGSLEEVE,상의,L,71,54,55.5,60,https://image.msscdn.net/images/goods_img/20230804/3445372/3445372_17077846538937_500.jpg,29500,BROWNBREATH,공용,http://mss.kr/3445372
TMNT SKATER LONGSLEEVE,상의,XL,73,56,58,61,https://image.msscdn.net/images/goods_img/20230804/3445372/3445372_17077846538937_500.jpg,29500,BROWNBREATH,공용,http://mss.kr/3445372
슬레이크 후드 올리브 HHHD3397,상의,M,69,63,63,57,https://image.msscdn.net/images/goods_img/20210902/2106705/2106705_1_500.jpg,42900,TWN,남성,http://mss.kr/2106705
슬레이크 후드 올리브 HHHD3397,상의,L,72,65,65,58,https://image.msscdn.net/images/goods_img/20210902/2106705/2106705_1_500.jpg,42900,TWN,남성,http://mss.kr/2106705
슬레이크 후드 올리브 HHHD3397,상의,XL,75,67,67,59,https://image.msscdn.net/images/goods_img/20210902/2106705/2106705_1_500.jpg,42900,TWN,남성,http://mss.kr/2106705
슬레이크 후드 올리브 HHHD3397,상의,2XL,78,69,69,60,https://image.msscdn.net/images/goods_img/20210902/2106705/2106705_1_500.jpg,42900,TWN,남성,http://mss.kr/2106705
더블택 오버핏 맨투맨,상의,M,70.5,59.5,60,56.5,https://image.msscdn.net/images/goods_img/20210913/2126445/2126445_1_500.jpg,9900,BRENSON,남성,http://mss.kr/2126445
더블택 오버핏 맨투맨,상의,L,72,61.5,62,57.5,https://image.msscdn.net/images/goods_img/20210913/2126445/2126445_1_500.jpg,9900,BRENSON,남성,http://mss.kr/2126445
더블택 오버핏 맨투맨,상의,XL,73.5,63.5,64,58.5,https://image.msscdn.net/images/goods_img/20210913/2126445/2126445_1_500.jpg,9900,BRENSON,남성,http://mss.kr/2126445
VNBC 버스터즈 특양면 맨투맨,상의,M,67.5,51.5,56,59,https://image.msscdn.net/images/goods_img/20230915/3562994/3562994_16951010939258_500.jpg,32900,VENHIT,공용,http://mss.kr/3562994
VNBC 버스터즈 특양면 맨투맨,상의,L,69,52,58.5,60.5,https://image.msscdn.net/images/goods_img/20230915/3562994/3562994_16951010939258_500.jpg,32900,VENHIT,공용,http://mss.kr/3562994
VNBC 버스터즈 특양면 맨투맨,상의,XL,71,54,61,61.5,https://image.msscdn.net/images/goods_img/20230915/3562994/3562994_16951010939258_500.jpg,32900,VENHIT,공용,http://mss.kr/3562994
VNBC 버스터즈 특양면 맨투맨,상의,2XL,74.5,56,64,62,https://image.msscdn.net/images/goods_img/20230915/3562994/3562994_16951010939258_500.jpg,32900,VENHIT,공용,http://mss.kr/3562994
VNBC 버스터즈 특양면 맨투맨,상의,3XL,77.5,58,66,63,https://image.msscdn.net/images/goods_img/20230915/3562994/3562994_16951010939258_500.jpg,32900,VENHIT,공용,http://mss.kr/3562994
VNBC 버스터즈 특양면 맨투맨,상의,4XL,79,60,69,65,https://image.msscdn.net/images/goods_img/20230915/3562994/3562994_16951010939258_500.jpg,32900,VENHIT,공용,http://mss.kr/3562994
빅 로고 맨투맨 블랙,상의,M,69,48,56,63,https://image.msscdn.net/images/goods_img/20210315/1845036/1845036_1_500.jpg,28500,LEBENEA,공용,http://mss.kr/1845036
빅 로고 맨투맨 블랙,상의,L,71,50,57,65,https://image.msscdn.net/images/goods_img/20210315/1845036/1845036_1_500.jpg,28500,LEBENEA,공용,http://mss.kr/1845036
Lettering Logo Brushed Sweat Shirt_Dark Brown,상의,S,64,57,59,55,https://image.msscdn.net/images/goods_img/20211222/2278196/2278196_1_500.jpg,99000,WILLIAMSBURG NEWYORK CITY,남성,http://mss.kr/2278196
Lettering Logo Brushed Sweat Shirt_Dark Brown,상의,M,66,58.5,62,56.5,https://image.msscdn.net/images/goods_img/20211222/2278196/2278196_1_500.jpg,99000,WILLIAMSBURG NEWYORK CITY,남성,http://mss.kr/2278196
Lettering Logo Brushed Sweat Shirt_Dark Brown,상의,L,68,60,65,58.5,https://image.msscdn.net/images/goods_img/20211222/2278196/2278196_1_500.jpg,99000,WILLIAMSBURG NEWYORK CITY,남성,http://mss.kr/2278196
Lettering Logo Brushed Sweat Shirt_Dark Brown,상의,XL,72,61.5,67,60,https://image.msscdn.net/images/goods_img/20211222/2278196/2278196_1_500.jpg,99000,WILLIAMSBURG NEWYORK CITY,남성,http://mss.kr/2278196
S BOX CREWNECK,상의,M,71,52,55,60,https://image.msscdn.net/images/goods_img/20211207/2260254/2260254_1_500.jpg,39000,GROSSINVENTORY,남성,http://mss.kr/2260254
S BOX CREWNECK,상의,L,73,53.5,56.5,62,https://image.msscdn.net/images/goods_img/20211207/2260254/2260254_1_500.jpg,39000,GROSSINVENTORY,남성,http://mss.kr/2260254
S BOX CREWNECK,상의,XL,75,55,58,64,https://image.msscdn.net/images/goods_img/20211207/2260254/2260254_1_500.jpg,39000,GROSSINVENTORY,남성,http://mss.kr/2260254
베이직 기모 터틀넥 스웨트셔츠 크림,상의,M,66,48,54,59,https://image.msscdn.net/images/goods_img/20160225/312078/312078_5_500.jpg,27900,UNI APPAREL,남성,http://mss.kr/312078
베이직 기모 터틀넥 스웨트셔츠 크림,상의,L,71,50.5,58,63,https://image.msscdn.net/images/goods_img/20160225/312078/312078_5_500.jpg,27900,UNI APPAREL,남성,http://mss.kr/312078
베이직 기모 터틀넥 스웨트셔츠 크림,상의,XL,73.5,54,62,66,https://image.msscdn.net/images/goods_img/20160225/312078/312078_5_500.jpg,27900,UNI APPAREL,남성,http://mss.kr/312078
TRISERVICE SWEATSHIRT _ OLIVE,상의,M,64,64.5,69,59,https://image.msscdn.net/images/goods_img/20220816/2720144/2720144_1_500.jpg,24800,FRIZMWORKS,남성,http://mss.kr/2720144
TRISERVICE SWEATSHIRT _ OLIVE,상의,L,66,66.5,71,61,https://image.msscdn.net/images/goods_img/20220816/2720144/2720144_1_500.jpg,24800,FRIZMWORKS,남성,http://mss.kr/2720144
TRISERVICE SWEATSHIRT _ OLIVE,상의,XL,68,68.5,73,63,https://image.msscdn.net/images/goods_img/20220816/2720144/2720144_1_500.jpg,24800,FRIZMWORKS,남성,http://mss.kr/2720144
NEW 컬러센슈얼 오버 기모 맨투맨_베이지,상의,M,73,58.5,61,61,https://image.msscdn.net/images/goods_img/20230801/3438392/3438392_17097898426912_500.jpg,19800,URBANAGE,남성,http://mss.kr/3438392
NEW 컬러센슈얼 오버 기모 맨투맨_베이지,상의,L,75,61,63,62,https://image.msscdn.net/images/goods_img/20230801/3438392/3438392_17097898426912_500.jpg,19800,URBANAGE,남성,http://mss.kr/3438392
오버 핏 스웨트셔츠 [브릭],상의,S,67,57.5,58.5,56,https://image.msscdn.net/images/goods_img/20230119/3033026/3033026_16758404800620_500.jpg,31890,MELANGE MASTER,남성,http://mss.kr/3033026
오버 핏 스웨트셔츠 [브릭],상의,M,69,59.5,61,58,https://image.msscdn.net/images/goods_img/20230119/3033026/3033026_16758404800620_500.jpg,31890,MELANGE MASTER,남성,http://mss.kr/3033026
오버 핏 스웨트셔츠 [브릭],상의,L,70.5,61,63.5,59,https://image.msscdn.net/images/goods_img/20230119/3033026/3033026_16758404800620_500.jpg,31890,MELANGE MASTER,남성,http://mss.kr/3033026
오버 핏 스웨트셔츠 [브릭],상의,XL,72,62.5,66,60,https://image.msscdn.net/images/goods_img/20230119/3033026/3033026_16758404800620_500.jpg,31890,MELANGE MASTER,남성,http://mss.kr/3033026
오버 핏 스웨트셔츠 [브릭],상의,2XL,73.5,64,68.5,61,https://image.msscdn.net/images/goods_img/20230119/3033026/3033026_16758404800620_500.jpg,31890,MELANGE MASTER,남성,http://mss.kr/3033026
UNIVERSITY PIGMENT SWEATSHIRT MUSTARD,상의, S,65.5,54,60,59,https://image.msscdn.net/images/goods_img/20210916/2135846/2135846_1_500.jpg,32000,MAHAGRID,남성,http://mss.kr/2135846
UNIVERSITY PIGMENT SWEATSHIRT MUSTARD,상의,M,68,56,62.5,60,https://image.msscdn.net/images/goods_img/20210916/2135846/2135846_1_500.jpg,32000,MAHAGRID,남성,http://mss.kr/2135846
UNIVERSITY PIGMENT SWEATSHIRT MUSTARD,상의,L,70.5,58,65,61,https://image.msscdn.net/images/goods_img/20210916/2135846/2135846_1_500.jpg,32000,MAHAGRID,남성,http://mss.kr/2135846
UNIVERSITY PIGMENT SWEATSHIRT MUSTARD,상의,XL,73,60,67.5,62,https://image.msscdn.net/images/goods_img/20210916/2135846/2135846_1_500.jpg,32000,MAHAGRID,남성,http://mss.kr/2135846
테니스 클럽 클래식 맨투맨,상의,S,68,49,56,60,https://image.msscdn.net/images/goods_img/20220914/2791772/2791772_7_500.jpg,29500,FCMM SPORT,남성,http://mss.kr/2791772
테니스 클럽 클래식 맨투맨,상의,M,70,51,58.5,62,https://image.msscdn.net/images/goods_img/20220914/2791772/2791772_7_500.jpg,29500,FCMM SPORT,남성,http://mss.kr/2791772
테니스 클럽 클래식 맨투맨,상의,L,72,53,61,64,https://image.msscdn.net/images/goods_img/20220914/2791772/2791772_7_500.jpg,29500,FCMM SPORT,남성,http://mss.kr/2791772
테니스 클럽 클래식 맨투맨,상의,XL,74,55,63.5,66,https://image.msscdn.net/images/goods_img/20220914/2791772/2791772_7_500.jpg,29500,FCMM SPORT,남성,http://mss.kr/2791772
엠보 라쿠 오버맨투맨,상의,S,68,58.5,64,55,https://image.msscdn.net/images/goods_img/20211018/2183700/2183700_2_500.jpg,29500,TAKEASY,남성,http://mss.kr/2183700
엠보 라쿠 오버맨투맨,상의,M,70,60.5,66,56,https://image.msscdn.net/images/goods_img/20211018/2183700/2183700_2_500.jpg,29500,TAKEASY,남성,http://mss.kr/2183700
엠보 라쿠 오버맨투맨,상의,L,72,62.5,68,57,https://image.msscdn.net/images/goods_img/20211018/2183700/2183700_2_500.jpg,29500,TAKEASY,남성,http://mss.kr/2183700
엠보 라쿠 오버맨투맨,상의,XL,74,64.5,70,58,https://image.msscdn.net/images/goods_img/20211018/2183700/2183700_2_500.jpg,29500,TAKEASY,남성,http://mss.kr/2183700
Prime 오버핏 쮸리 맨투맨,상의,S,64,54,57,57,https://image.msscdn.net/images/goods_img/20240402/4018238/4018238_17120496403657_500.jpeg,26800,PRIMATE,남성,http://mss.kr/4018238
Prime 오버핏 쮸리 맨투맨,상의,M,68,56,60,59,https://image.msscdn.net/images/goods_img/20240402/4018238/4018238_17120496403657_500.jpeg,26800,PRIMATE,남성,http://mss.kr/4018238
Prime 오버핏 쮸리 맨투맨,상의,L,70,58,63,61,https://image.msscdn.net/images/goods_img/20240402/4018238/4018238_17120496403657_500.jpeg,26800,PRIMATE,남성,http://mss.kr/4018238
Prime 오버핏 쮸리 맨투맨,상의,XL,73,61,67,64,https://image.msscdn.net/images/goods_img/20240402/4018238/4018238_17120496403657_500.jpeg,26800,PRIMATE,남성,http://mss.kr/4018238
V-Neck Stand Collar Sweat Shirts,상의,M,70.5,60.5,61,58,https://image.msscdn.net/images/goods_img/20220207/2343095/2343095_1_500.jpg,22500,XERO,남성,http://mss.kr/2343095
V-Neck Stand Collar Sweat Shirts,상의,L,72,62,63,59,https://image.msscdn.net/images/goods_img/20220207/2343095/2343095_1_500.jpg,22500,XERO,남성,http://mss.kr/2343095
EV S.Flower Logo Crewneck,상의,M,72,47,52,59,https://image.msscdn.net/images/goods_img/20160222/309467/309467_1_500.jpg,39000,EIGHTVOLUME,남성,http://mss.kr/309467
EV S.Flower Logo Crewneck,상의,L,74,48,54,61,https://image.msscdn.net/images/goods_img/20160222/309467/309467_1_500.jpg,39000,EIGHTVOLUME,남성,http://mss.kr/309467
피그먼트 스웨트셔츠,상의,S,67,56,56,57,https://image.msscdn.net/images/prd_img/20240104/3776012/detail_3776012_17055547715015_500.jpg,14900,SPAO,여성,http://mss.kr/3776012
피그먼트 스웨트셔츠,상의,M,69,57.5,58.5,58.5,https://image.msscdn.net/images/prd_img/20240104/3776012/detail_3776012_17055547715015_500.jpg,14900,SPAO,여성,http://mss.kr/3776012
피그먼트 스웨트셔츠,상의,L,71,59,61,60,https://image.msscdn.net/images/prd_img/20240104/3776012/detail_3776012_17055547715015_500.jpg,14900,SPAO,여성,http://mss.kr/3776012
피그먼트 스웨트셔츠,상의,XL,73,60.5,63.5,61.5,https://image.msscdn.net/images/prd_img/20240104/3776012/detail_3776012_17055547715015_500.jpg,14900,SPAO,여성,http://mss.kr/3776012
,,,,,,,,,,,
,,,,,,,,,,,
,,,,,,,,,,,
,,,,,,,,,,,
,,,,,,,,,,,
,,,,,,,,,,,
,,,,,,,,,,,
,,,,,,,,,,,
,,,,,,,,,,,
,,,,,,,,,,,
,,,,,,,,,,,
,,,,,,,,,,,
,,,,,,,,,,,
,,,,,,,,,,,
,,,,,,,,,,,
,,,,,,,,,,,
,,,,,,,,,,,
,,,,,,,,,,,
,,,,,,,,,,,
,,,,,,,,,,,
,,,,,,,,,,,
,,,,,,,,,,,
,,,,,,,,,,,
,,,,,,,,,,,
,,,,,,,,,,,
,,,,,,,,,,,
,,,,,,,,,,,
,,,,,,,,,,,
,,,,,,,,,,,
,,,,,,,,,,,
,,,,,,,,,,,
,,,,,,,,,,,
,,,,,,,,,,,
,,,,,,,,,,,
,,,,,,,,,,,
,,,,,,,,,,,
,,,,,,,,,,,
,,,,,,,,,,,
,,,,,,,,,,,
,,,,,,,,,,,
,,,,,,,,,,,
,,,,,,,,,,,
,,,,,,,,,,,
,,,,,,,,,,,
,,,,,,,,,,,
,,,,,,,,,,,
,,,,,,,,,,,
,,,,,,,,,,,
,,,,,,,,,,,
,,,,,,,,,,,
,,,,,,,,,,,
,,,,,,,,,,,
,,,,,,,,,,,
,,,,,,,,,,,
,,,,,,,,,,,
,,,,,,,,,,,
,,,,,,,,,,,
,,,,,,,,,,,
,,,,,,,,,,,
,,,,,,,,,,,
,,,,,,,,,,,
,,,,,,,,,,,
,,,,,,,,,,,
,,,,,,,,,,,
,,,,,,,,,,,
,,,,,,,,,,,
,,,,,,,,,,,
,,,,,,,,,,,
,,,,,,,,,,,
,,,,,,,,,,,
,,,,,,,,,,,
,,,,,,,,,,,
,,,,,,,,,,,
,,,,,,,,,,,
,,,,,,,,,,,
,,,,,,,,,,,
,,,,,,,,,,,
,,,,,,,,,,,
,,,,,,,,,,,
,,,,,,,,,,,
,,,,,,,,,,,
,,,,,,,,,,,
,,,,,,,,,,,
,,,,,,,,,,,
,,,,,,,,,,,
,,,,,,,,,,,
,,,,,,,,,,,
,,,,,,,,,,,
,,,,,,,,,,,
,,,,,,,,,,,
,,,,,,,,,,,
,,,,,,,,,,,
,,,,,,,,,,,
,,,,,,,,,,,
,,,,,,,,,,,
,,,,,,,,,,,
,,,,,,,,,,,
,,,,,,,,,,,
,,,,,,,,,,,
,,,,,,,,,,,
,,,,,,,,,,,
,,,,,,,,,,,
,,,,,,,,,,,
,,,,,,,,,,,
,,,,,,,,,,,
,,,,,,,,,,,
,,,,,,,,,,,
,,,,,,,,,,,
,,,,,,,,,,,
,,,,,,,,,,,
,,,,,,,,,,,
,,,,,,,,,,,
,,,,,,,,,,,
,,,,,,,,,,,
,,,,,,,,,,,
,,,,,,,,,,,
,,,,,,,,,,,
,,,,,,,,,,,
,,,,,,,,,,,
,,,,,,,,,,,
,,,,,,,,,,,
,,,,,,,,,,,
,,,,,,,,,,,
,,,,,,,,,,,
,,,,,,,,,,,
,,,,,,,,,,,
,,,,,,,,,,,
,,,,,,,,,,,
,,,,,,,,,,,
,,,,,,,,,,,
,,,,,,,,,,,
,,,,,,,,,,,
,,,,,,,,,,,
,,,,,,,,,,,
,,,,,,,,,,,
,,,,,,,,,,,
,,,,,,,,,,,
,,,,,,,,,,,
,,,,,,,,,,,
,,,,,,,,,,,
,,,,,,,,,,,
,,,,,,,,,,,
,,,,,,,,,,,
,,,,,,,,,,,
,,,,,,,,,,,
,,,,,,,,,,,
,,,,,,,,,,,
,,,,,,,,,,,
,,,,,,,,,,,
,,,,,,,,,,,
,,,,,,,,,,,
,,,,,,,,,,,
,,,,,,,,,,,
,,,,,,,,,,,
,,,,,,,,,,,
,,,,,,,,,,,
,,,,,,,,,,,
,,,,,,,,,,,
,,,,,,,,,,,
,,,,,,,,,,,
,,,,,,,,,,,
,,,,,,,,,,,
,,,,,,,,,,,
,,,,,,,,,,,
,,,,,,,,,,,
,,,,,,,,,,,
,,,,,,,,,,,
,,,,,,,,,,,
,,,,,,,,,,,
,,,,,,,,,,,
,,,,,,,,,,,
,,,,,,,,,,,
,,,,,,,,,,,
,,,,,,,,,,,
,,,,,,,,,,,
,,,,,,,,,,,
,,,,,,,,,,,
,,,,,,,,,,,
,,,,,,,,,,,
,,,,,,,,,,,
,,,,,,,,,,,
,,,,,,,,,,,
,,,,,,,,,,,
,,,,,,,,,,,
,,,,,,,,,,,
,,,,,,,,,,,
,,,,,,,,,,,
,,,,,,,,,,,
,,,,,,,,,,,
,,,,,,,,,,,
,,,,,,,,,,,
,,,,,,,,,,,
,,,,,,,,,,,
,,,,,,,,,,,
,,,,,,,,,,,
,,,,,,,,,,,
,,,,,,,,,,,
,,,,,,,,,,,
,,,,,,,,,,,
,,,,,,,,,,,
,,,,,,,,,,,
,,,,,,,,,,,
,,,,,,,,,,,
,,,,,,,,,,,
,,,,,,,,,,,
,,,,,,,,,,,
,,,,,,,,,,,
,,,,,,,,,,,
,,,,,,,,,,,
,,,,,,,,,,,
,,,,,,,,,,,
,,,,,,,,,,,
,,,,,,,,,,,
,,,,,,,,,,,
,,,,,,,,,,,
,,,,,,,,,,,
,,,,,,,,,,,
,,,,,,,,,,,
,,,,,,,,,,,
,,,,,,,,,,,
,,,,,,,,,,,
,,,,,,,,,,,
,,,,,,,,,,,
,,,,,,,,,,,
,,,,,,,,,,,
,,,,,,,,,,,
,,,,,,,,,,,
,,,,,,,,,,,
,,,,,,,,,,,
,,,,,,,,,,,
,,,,,,,,,,,
,,,,,,,,,,,
,,,,,,,,,,,
,,,,,,,,,,,
,,,,,,,,,,,
,,,,,,,,,,,
,,,,,,,,,,,
,,,,,,,,,,,
,,,,,,,,,,,
,,,,,,,,,,,
,,,,,,,,,,,
,,,,,,,,,,,
,,,,,,,,,,,
,,,,,,,,,,,
,,,,,,,,,,,
,,,,,,,,,,,
,,,,,,,,,,,
,,,,,,,,,,,
,,,,,,,,,,,
,,,,,,,,,,,
,,,,,,,,,,,
,,,,,,,,,,,
,,,,,,,,,,,
,,,,,,,,,,,
,,,,,,,,,,,
,,,,,,,,,,,
,,,,,,,,,,,
,,,,,,,,,,,
,,,,,,,,,,,
,,,,,,,,,,,
,,,,,,,,,,,
,,,,,,,,,,,
,,,,,,,,,,,
,,,,,,,,,,,
,,,,,,,,,,,
,,,,,,,,,,,
,,,,,,,,,,,
,,,,,,,,,,,
,,,,,,,,,,,
,,,,,,,,,,,
,,,,,,,,,,,
,,,,,,,,,,,
,,,,,,,,,,,
,,,,,,,,,,,
,,,,,,,,,,,
,,,,,,,,,,,
,,,,,,,,,,,
,,,,,,,,,,,
,,,,,,,,,,,
,,,,,,,,,,,
,,,,,,,,,,,
,,,,,,,,,,,
,,,,,,,,,,,
,,,,,,,,,,,
,,,,,,,,,,,
,,,,,,,,,,,
,,,,,,,,,,,
,,,,,,,,,,,
,,,,,,,,,,,
,,,,,,,,,,,
,,,,,,,,,,,
,,,,,,,,,,,
,,,,,,,,,,,
,,,,,,,,,,,
,,,,,,,,,,,
,,,,,,,,,,,
,,,,,,,,,,,
,,,,,,,,,,,
,,,,,,,,,,,
,,,,,,,,,,,
,,,,,,,,,,,
,,,,,,,,,,,
,,,,,,,,,,,
,,,,,,,,,,,
,,,,,,,,,,,
,,,,,,,,,,,
,,,,,,,,,,,
,,,,,,,,,,,
,,,,,,,,,,,
,,,,,,,,,,,
,,,,,,,,,,,
,,,,,,,,,,,
,,,,,,,,,,,
,,,,,,,,,,,
,,,,,,,,,,,
,,,,,,,,,,,
,,,,,,,,,,,
,,,,,,,,,,,
,,,,,,,,,,,
,,,,,,,,,,,
,,,,,,,,,,,
,,,,,,,,,,,
,,,,,,,,,,,
,,,,,,,,,,,
,,,,,,,,,,,
,,,,,,,,,,,
,,,,,,,,,,,
,,,,,,,,,,,
,,,,,,,,,,,
,,,,,,,,,,,
,,,,,,,,,,,
,,,,,,,,,,,
,,,,,,,,,,,
,,,,,,,,,,,
,,,,,,,,,,,
,,,,,,,,,,,
,,,,,,,,,,,
,,,,,,,,,,,
,,,,,,,,,,,
,,,,,,,,,,,
,,,,,,,,,,,
,,,,,,,,,,,
,,,,,,,,,,,
,,,,,,,,,,,
,,,,,,,,,,,
,,,,,,,,,,,
,,,,,,,,,,,
,,,,,,,,,,,
,,,,,,,,,,,
,,,,,,,,,,,
,,,,,,,,,,,
,,,,,,,,,,,
,,,,,,,,,,,
,,,,,,,,,,,
,,,,,,,,,,,
,,,,,,,,,,,
,,,,,,,,,,,
,,,,,,,,,,,
,,,,,,,,,,,
,,,,,,,,,,,
,,,,,,,,,,,
,,,,,,,,,,,
,,,,,,,,,,,
,,,,,,,,,,,